symbol,entry_time,direction,entry_signal,entry_real,sl_original,tp1,contracts,pnl_neto,exit_events,exit_type
ETHUSDT,2025-12-07T04:30:00+00:00,bearish,3047.77,3047.160446,3064.12602,3018.3291639999998,0.06113956818345719,-0.1863,"['be_50%@1818', {'type': 'sl_full', 'contracts': np.float64(0.06113956818345719), 'price': np.float64(3047.160446), 'pnl': np.float64(0.0), 'comm': np.float64(0.09315103692707541)}]",full_sl
ETHUSDT,2025-12-07T04:35:00+00:00,bearish,3043.71,3043.101258,3064.12602,3006.961164,0.04888989035382278,-0.1488,"['be_50%@1840', {'type': 'sl_full', 'contracts': np.float64(0.04888989035382278), 'price': np.float64(3043.101258), 'pnl': np.float64(0.0), 'comm': np.float64(0.07438844341960009)}]",full_sl
ETHUSDT,2025-12-07T04:40:00+00:00,bearish,3045.46,3044.850908,3064.12602,3011.861164,0.05339377169814777,-0.1626,"['be_50%@1826', {'type': 'sl_full', 'contracts': np.float64(0.05339377169814777), 'price': np.float64(3044.850908), 'pnl': np.float64(0.0), 'comm': np.float64(0.08128803711832497)}]",full_sl
ETHUSDT,2025-12-07T05:15:00+00:00,bearish,3044.73,3044.121054,3064.12602,3009.8171639999996,0.07695058957848255,-0.2342,"['be_50%@1840', {'type': 'sl_full', 'contracts': np.float64(0.07695058957848255), 'price': np.float64(3044.121054), 'pnl': np.float64(0.0), 'comm': np.float64(0.11712345492678587)}]",full_sl
ETHUSDT,2025-12-07T05:20:00+00:00,bearish,3045.09,3044.480982,3064.12602,3010.8251640000003,0.07822126005479325,-0.2381,"['be_50%@1840', {'type': 'sl_full', 'contracts': np.float64(0.07822126005479325), 'price': np.float64(3044.480982), 'pnl': np.float64(0.0), 'comm': np.float64(0.11907156931244717)}]",full_sl
ETHUSDT,2025-12-07T05:25:00+00:00,bearish,3045.28,3044.670944,3064.12602,3011.3571640000005,0.07882031982078322,-0.24,"['be_50%@1827', {'type': 'sl_full', 'contracts': np.float64(0.07882031982078322), 'price': np.float64(3044.6709440000004), 'pnl': np.float64(0.0), 'comm': np.float64(0.119990968777563)}]",full_sl
ETHUSDT,2025-12-07T07:15:00+00:00,bearish,3037.27,3036.662546,3057.11202,3001.554364,0.07468239598012413,3.4458,"['be_50%@1899', {'type': 'tp1', 'contracts': np.float64(0.04480943758807448), 'price': np.float64(3001.554364), 'pnl': np.float64(1.5731778901597573), 'comm': np.float64(0.0672489814704353)}, {'type': 'tp2', 'contracts': np.float64(0.029872958392049655), 'price': np.float64(2966.446182), 'pnl': np.float64(2.0975705202130097), 'comm': np.float64(0.04430826168357028)}]",tp2_reached
ETHUSDT,2025-12-07T07:20:00+00:00,bearish,3036.77,3036.162646,3057.11202,3000.154364,0.07538762487370654,3.5734,"['be_50%@1899', {'type': 'tp1', 'contracts': np.float64(0.045232574924223924), 'price': np.float64(3000.154364), 'pnl': np.float64(1.6287473134575943), 'comm': np.float64(0.06785235352693368)}, {'type': 'tp2', 'contracts': np.float64(0.030155049949482617), 'price': np.float64(2964.1460819999998), 'pnl': np.float64(2.1716630846101257), 'comm': np.float64(0.044691986580136595)}]",tp2_reached
ETHUSDT,2025-12-07T07:25:00+00:00,bearish,3038.07,3037.462386,3057.11202,3003.7943640000003,0.08334924002932824,3.6775,"['be_50%@1899', {'type': 'tp1', 'contracts': np.float64(0.05000954401759694), 'price': np.float64(3003.7943640000003), 'pnl': np.float64(1.683722428194414), 'comm': np.float64(0.07510919323313381)}, {'type': 'tp2', 'contracts': np.float64(0.0333396960117313), 'price': np.float64(2970.1263420000005), 'pnl': np.float64(2.2449632375925526), 'comm': np.float64(0.04951155467935774)}]",tp2_reached
ETHUSDT,2025-12-07T07:35:00+00:00,bearish,3035.0,3034.393,3057.11202,2995.198364,0.07427182559667513,3.8521,"['be_50%@1900', {'type': 'tp1', 'contracts': np.float64(0.044563095358005074), 'price': np.float64(2995.198364), 'pnl': np.float64(1.7466343015903063), 'comm': np.float64(0.06673765515553638)}, {'type': 'tp2', 'contracts': np.float64(0.02970873023867005), 'price': np.float64(2956.0037279999997), 'pnl': np.float64(2.3288457354537417), 'comm': np.float64(0.0439095586698275)}]",tp2_reached
ETHUSDT,2025-12-07T07:40:00+00:00,bearish,3032.87,3032.263426,3057.11202,2989.2343639999995,0.07012956474216285,4.0141,"['be_50%@1900', {'type': 'tp1', 'contracts': np.float64(0.04207773884529771), 'price': np.float64(2989.2343639999995), 'pnl': np.float64(1.8105656335941456), 'comm': np.float64(0.0628901114578908)}, {'type': 'tp2', 'contracts': np.float64(0.02805182589686514), 'price': np.float64(2946.205301999999), 'pnl': np.float64(2.414087511458861), 'comm': np.float64(0.041323219094062474)}]",tp2_reached
ETHUSDT,2025-12-09T06:00:00+00:00,bearish,3111.53,3110.907694,3137.68284,3064.4548880000007,0.0448719660638891,-1.3416,"[{'type': 'sl_full', 'contracts': np.float64(0.0448719660638891), 'price': 3137.68284, 'pnl': np.float64(-1.2014534426676533), 'comm': np.float64(0.07039699895786358)}]",full_sl
ETHUSDT,2025-12-09T06:05:00+00:00,bearish,3115.13,3114.506974,3137.68284,3074.5348880000006,0.051439769085210474,-0.1602,"['be_50%@2432', {'type': 'sl_full', 'contracts': np.float64(0.051439769085210474), 'price': np.float64(3114.5069740000004), 'pnl': np.float64(0.0), 'comm': np.float64(0.08010475977841883)}]",full_sl
ETHUSDT,2025-12-09T06:10:00+00:00,bearish,3107.69,3107.068462,3137.68284,3053.7028880000003,0.03862624501781509,-1.3031,"[{'type': 'sl_full', 'contracts': np.float64(0.03862624501781509), 'price': 3137.68284, 'pnl': np.float64(-1.1825184656959988), 'comm': np.float64(0.06059845308301696)}]",full_sl
ETHUSDT,2025-12-09T06:15:00+00:00,bearish,3106.86,3106.238628,3137.68284,3051.3788880000006,0.037163335549022604,-1.2846,"[{'type': 'sl_full', 'contracts': np.float64(0.037163335549022604), 'price': 3137.68284, 'pnl': np.float64(-1.1685718016305986), 'comm': np.float64(0.058303380114665106)}]",full_sl
ETHUSDT,2025-12-09T06:20:00+00:00,bearish,3106.24,3105.618752,3137.68284,3049.6428879999994,0.03602198792266323,-1.2675,"[{'type': 'sl_full', 'contracts': np.float64(0.03602198792266323), 'price': 3137.68284, 'pnl': np.float64(-1.155012190687214), 'comm': np.float64(0.05651278668381383)}]",full_sl
ETHUSDT,2025-12-09T06:25:00+00:00,bearish,3102.38,3101.759524,3137.68284,3038.8348880000003,0.03172433153124928,-1.2386,"[{'type': 'sl_full', 'contracts': np.float64(0.03172433153124928), 'price': 3137.68284, 'pnl': np.float64(-1.1396431864858283), 'comm': np.float64(0.0497704453280359)}]",full_sl
ETHUSDT,2025-12-16T11:15:00+00:00,bullish,2947.66,2948.249532,2915.41748,3005.6965359999995,0.025763483846776642,-0.076,"['be_50%@4482', {'type': 'sl_full', 'contracts': np.float64(0.025763483846776642), 'price': np.float64(2948.249532), 'pnl': np.float64(0.0), 'comm': np.float64(0.037978589596974394)}]",full_sl
ETHUSDT,2025-12-16T11:20:00+00:00,bullish,2954.66,2955.250932,2915.41748,3025.2965359999994,0.02115332971367326,-0.9047,"[{'type': 'sl_full', 'contracts': np.float64(0.02115332971367326), 'price': 2915.41748, 'pnl': np.float64(-0.8426101437897745), 'comm': np.float64(0.030835393603723213)}]",full_sl
ETHUSDT,2025-12-16T11:25:00+00:00,bullish,2958.27,2958.861654,2915.41748,3035.404536,0.01921298205064477,-0.8911,"[{'type': 'sl_full', 'contracts': np.float64(0.01921298205064477), 'price': 2915.41748, 'pnl': np.float64(-0.8346921352670833), 'comm': np.float64(0.028006931856688008)}]",full_sl
ETHUSDT,2025-12-20T02:40:00+00:00,bullish,2989.28,2989.877856,2965.2176799999997,3032.592176000001,0.06787718495116167,-1.876,"[{'type': 'sl_full', 'contracts': np.float64(0.06787718495116167), 'price': 2965.2176799999997, 'pnl': np.float64(-1.67386332728022), 'comm': np.float64(0.10063531444290726)}]",full_sl
ETHUSDT,2025-12-20T03:30:00+00:00,bullish,2991.76,2992.358352,2967.81248,3034.8655360000007,0.06702752442326432,-1.845,"[{'type': 'sl_full', 'contracts': np.float64(0.06702752442326432), 'price': 2967.81248, 'pnl': np.float64(-1.6452490349703295), 'comm': np.float64(0.09946256174343432)}]",full_sl
ETHUSDT,2025-12-20T03:35:00+00:00,bullish,2992.99,2993.588598,2967.81248,3038.3095359999993,0.06265382888910499,-1.8017,"[{'type': 'sl_full', 'contracts': np.float64(0.06265382888910499), 'price': 2967.81248, 'pnl': np.float64(-1.6149724865973647), 'comm': np.float64(0.09297240764843517)}]",full_sl
ETHUSDT,2025-12-21T04:05:00+00:00,bullish,2976.52,2977.115304,2955.49716,3014.361112,0.07375036665407397,-0.2196,"['be_50%@5862', {'type': 'sl_full', 'contracts': np.float64(0.07375036665407397), 'price': np.float64(2977.115304), 'pnl': np.float64(0.0), 'comm': np.float64(0.10978167262072745)}]",full_sl
ETHUSDT,2025-12-21T04:10:00+00:00,bullish,2976.0,2976.5952,2955.49716,3012.9051120000004,0.07546021467910344,1.4185,"['be_50%@5862', {'type': 'tp1', 'contracts': np.float64(0.04527612880746206), 'price': np.float64(3012.9051120000004), 'pnl': np.float64(1.6439722526996405), 'comm': np.float64(0.06820633996778647)}, {'type': 'sl_rem', 'contracts': np.float64(0.030184085871641377), 'price': np.float64(2976.5951999999997), 'pnl': np.float64(0.0), 'comm': np.float64(0.04492290256095777)}]",tp1_partial_then_sl
ETHUSDT,2025-12-21T04:15:00+00:00,bullish,2976.74,2977.335348,2955.49716,3014.9771119999996,0.07383319481942399,-0.2198,"['be_50%@5862', {'type': 'sl_full', 'contracts': np.float64(0.07383319481942399), 'price': np.float64(2977.3353479999996), 'pnl': np.float64(0.0), 'comm': np.float64(0.10991309039582074)}]",full_sl
ETHUSDT,2025-12-21T04:20:00+00:00,bullish,2977.59,2978.185518,2955.49716,3017.3571120000006,0.07084328459020896,-0.211,"['be_50%@5862', {'type': 'sl_full', 'contracts': np.float64(0.07084328459020896), 'price': np.float64(2978.1855180000002), 'pnl': np.float64(0.0), 'comm': np.float64(0.10549222210705646)}]",full_sl
ETHUSDT,2025-12-21T04:25:00+00:00,bullish,2977.54,2978.135508,2955.49716,3017.2171120000003,0.07086040568559919,-0.211,"['be_50%@5862', {'type': 'sl_full', 'contracts': np.float64(0.07086040568559919), 'price': np.float64(2978.135508), 'pnl': np.float64(0.0), 'comm': np.float64(0.10551594514178401)}]",full_sl
ETHUSDT,2025-12-28T08:05:00+00:00,bullish,2942.78,2943.368556,2927.1439800000003,2970.924836,0.09969283145637527,-0.2934,"['be_50%@7958', {'type': 'sl_full', 'contracts': np.float64(0.09969283145637527), 'price': np.float64(2943.3685560000004), 'pnl': np.float64(0.0), 'comm': np.float64(0.14671637268365134)}]",full_sl
ETHUSDT,2025-12-31T05:25:00+00:00,bullish,2979.05,2979.64581,2960.2177,3012.9481400000004,0.04126945766921706,0.7012,"['be_50%@8780', {'type': 'tp1', 'contracts': np.float64(0.024761674601530236), 'price': np.float64(3012.9481400000004), 'pnl': np.float64(0.8246214589327893), 'comm': np.float64(0.03730282071698289)}, {'type': 'sl_rem', 'contracts': np.float64(0.016507783067686823), 'price': np.float64(2979.64581), 'pnl': np.float64(0.0), 'comm': np.float64(0.024593673325010994)}]",tp1_partial_then_sl
ETHUSDT,2025-12-31T07:45:00+00:00,bullish,2975.97,2976.565194,2964.2097,2997.1385399999995,0.06653385657898524,-1.0197,"[{'type': 'sl_full', 'contracts': np.float64(0.06653385657898524), 'price': 2964.2097, 'pnl': np.float64(-0.8220586657585065), 'comm': np.float64(0.09861015152491842)}]",full_sl
ETHUSDT,2025-12-31T07:50:00+00:00,bullish,2976.6,2977.19532,2964.2097,2998.90254,0.06253363022201028,-0.9978,"[{'type': 'sl_full', 'contracts': np.float64(0.06253363022201028), 'price': 2964.2097, 'pnl': np.float64(-0.8120379592835365), 'comm': np.float64(0.09268139664014802)}]",full_sl
ETHUSDT,2025-12-31T07:55:00+00:00,bullish,2976.98,2977.575396,2964.2097,2999.9665400000004,0.06008683333619345,-0.9816,"[{'type': 'sl_full', 'contracts': np.float64(0.06008683333619345), 'price': 2964.2097, 'pnl': np.float64(-0.803102347974218), 'comm': np.float64(0.08905498710871398)}]",full_sl
ETHUSDT,2026-01-01T08:15:00+00:00,bullish,2981.72,2982.316344,2969.93822,3002.9272039999996,0.12900678568144544,-0.3847,"['be_50%@9063', {'type': 'sl_full', 'contracts': np.float64(0.12900678568144544), 'price': np.float64(2982.316344), 'pnl': np.float64(0.0), 'comm': np.float64(0.19236952271233995)}]",full_sl
ETHUSDT,2026-01-01T08:20:00+00:00,bullish,2981.46,2982.056292,2969.93822,3002.199204,0.1314170624438706,-0.3919,"['be_50%@9063', {'type': 'sl_full', 'contracts': np.float64(0.1314170624438706), 'price': np.float64(2982.0562919999998), 'pnl': np.float64(0.0), 'comm': np.float64(0.1959465389684506)}]",full_sl
ETHUSDT,2026-01-01T08:25:00+00:00,bullish,2981.44,2982.036288,2969.93822,3002.143204,0.13113449270943137,-0.391,"['be_50%@9063', {'type': 'sl_full', 'contracts': np.float64(0.13113449270943137), 'price': np.float64(2982.036288), 'pnl': np.float64(0.0), 'comm': np.float64(0.19552390793399788)}]",full_sl
ETHUSDT,2026-01-01T09:00:00+00:00,bullish,2983.44,2984.036688,2969.93822,3007.7432040000003,0.11127528135678887,3.3592,"['be_50%@9138', {'type': 'tp1', 'contracts': np.float64(0.06676516881407332), 'price': np.float64(3007.7432040000003), 'pnl': np.float64(1.582769542733543), 'comm': np.float64(0.1004062413822209)}, {'type': 'tp2', 'contracts': np.float64(0.04451011254271555), 'price': np.float64(3031.4497200000005), 'pnl': np.float64(2.110359390311391), 'comm': np.float64(0.06746508410239178)}]",tp2_reached
ETHUSDT,2026-01-01T09:05:00+00:00,bullish,2984.19,2984.786838,2969.93822,3009.8432040000002,0.1089550120066124,3.4949,"['be_50%@9138', {'type': 'tp1', 'contracts': np.float64(0.06537300720396744), 'price': np.float64(3009.8432040000002), 'pnl': np.float64(1.6380099950232614), 'comm': np.float64(0.09838125072895222)}, {'type': 'tp2', 'contracts': np.float64(0.04358200480264496), 'price': np.float64(3034.8995700000005), 'pnl': np.float64(2.1840133266976816), 'comm': np.float64(0.06613350381764256)}]",tp2_reached
ETHUSDT,2026-01-01T09:10:00+00:00,bullish,2984.45,2985.04689,2969.93822,3010.5712039999994,0.11061540578619256,3.6206,"['be_50%@9138', {'type': 'tp1', 'contracts': np.float64(0.06636924347171554), 'price': np.float64(3010.5712039999994), 'pnl': np.float64(1.6940294103145026), 'comm': np.float64(0.09990466661360588)}, {'type': 'tp2', 'contracts': np.float64(0.044246162314477026), 'price': np.float64(3036.095517999999), 'pnl': np.float64(2.258705880419337), 'comm': np.float64(0.06716778754584209)}]",tp2_reached
ETHUSDT,2026-01-30T01:30:00+00:00,bearish,2804.09,2803.529182,2834.3073,2749.6988600000004,0.05492002709146248,-0.154,"['be_50%@17299', {'type': 'sl_full', 'contracts': np.float64(0.05492002709146248), 'price': np.float64(2803.529182), 'pnl': np.float64(0.0), 'comm': np.float64(0.07698494931357283)}]",full_sl
ETHUSDT,2026-01-30T01:35:00+00:00,bearish,2775.68,2775.124864,2825.6422399999997,2685.747968,0.03316955737275653,-0.092,"['be_50%@17300', {'type': 'sl_full', 'contracts': np.float64(0.03316955737275653), 'price': np.float64(2775.124864), 'pnl': np.float64(0.0), 'comm': np.float64(0.04602483169650558)}]",full_sl
ETHUSDT,2026-01-30T01:40:00+00:00,bearish,2725.25,2724.70495,2774.3045,2636.9518999999996,0.033755203726478424,-1.7671,"[{'type': 'sl_full', 'contracts': np.float64(0.033755203726478424), 'price': np.float64(2774.3045), 'pnl': np.float64(-1.6742429149916498), 'comm': np.float64(0.04682360679839293)}]",full_sl
ETHUSDT,2026-01-30T02:15:00+00:00,bearish,2724.66,2724.115068,2773.70388,2636.3810159999994,0.033222062489623005,-1.7388,"[{'type': 'sl_full', 'contracts': np.float64(0.033222062489623005), 'price': np.float64(2773.70388), 'pnl': np.float64(-1.6474426110501659), 'comm': np.float64(0.046074081814534894)}]",full_sl
ETHUSDT,2026-01-30T02:20:00+00:00,bearish,2707.79,2707.248442,2756.53022,2620.0576039999996,0.032893929085526616,-1.7109,"[{'type': 'sl_full', 'contracts': np.float64(0.032893929085526616), 'price': np.float64(2756.53022), 'pnl': np.float64(-1.6210713107406667), 'comm': np.float64(0.04533655478939554)}]",full_sl
ETHUSDT,2026-02-03T16:15:00+00:00,bearish,2266.79,2266.336642,2307.59222,2193.346004,0.03866439943765326,3.8653,"['be_50%@18637', {'type': 'tp1', 'contracts': np.float64(0.023198639662591957), 'price': np.float64(2193.346004), 'pnl': np.float64(1.6932835097046968), 'comm': np.float64(0.02544132180109099)}, {'type': 'tp2', 'contracts': np.float64(0.015465759775061306), 'price': np.float64(2120.355366), 'pnl': np.float64(2.257711346272929), 'comm': np.float64(0.016396453364159094)}]",tp2_reached
ETHUSDT,2026-02-03T16:20:00+00:00,bearish,2256.92,2256.468616,2297.5445600000003,2183.795792,0.040260706556484345,4.0074,"['be_50%@18638', {'type': 'tp1', 'contracts': np.float64(0.024156423933890607), 'price': np.float64(2183.795792), 'pnl': np.float64(1.755515545017025), 'comm': np.float64(0.026376348468299195)}, {'type': 'tp2', 'contracts': np.float64(0.016104282622593738), 'price': np.float64(2111.1229679999997), 'pnl': np.float64(2.3406873933560335), 'comm': np.float64(0.016999060463860457)}]",tp2_reached
ETHUSDT,2026-02-03T16:25:00+00:00,bearish,2253.0,2252.5494,2293.554,2180.0027999999998,0.0418130036354462,1.7268,"['be_50%@18644', {'type': 'tp1', 'contracts': np.float64(0.02508780218126772), 'price': np.float64(2180.0027999999998), 'pnl': np.float64(1.8200347497235598), 'comm': np.float64(0.027345739500504868)}, {'type': 'sl_rem', 'contracts': np.float64(0.016725201454178478), 'price': np.float64(2252.5494), 'pnl': np.float64(0.0), 'comm': np.float64(0.01883717125024443)}]",tp1_partial_then_sl
ETHUSDT,2026-02-03T16:30:00+00:00,bearish,2249.1,2248.65018,2289.5838,2176.22916,0.04252530476621742,1.7531,"['be_50%@18644', {'type': 'tp1', 'contracts': np.float64(0.025515182859730454), 'price': np.float64(2176.22916), 'pnl': np.float64(1.8478355681882022), 'comm': np.float64(0.027763442481038802)}, {'type': 'sl_rem', 'contracts': np.float64(0.01701012190648697), 'price': np.float64(2248.65018), 'pnl': np.float64(0.0), 'comm': np.float64(0.019124906843421934)}]",tp1_partial_then_sl
ETHUSDT,2026-02-03T16:35:00+00:00,bearish,2250.76,2250.309848,2291.2736800000002,2177.835376,0.043143031128520554,1.7799,"['be_50%@18644', {'type': 'tp1', 'contracts': np.float64(0.025885818677112333), 'price': np.float64(2177.835376), 'pnl': np.float64(1.8760610409114635), 'comm': np.float64(0.028187525825868382)}, {'type': 'sl_rem', 'contracts': np.float64(0.01725721245140822), 'price': np.float64(2250.3098480000003), 'pnl': np.float64(0.0), 'comm': np.float64(0.019417037564216075)}]",tp1_partial_then_sl
ETHUSDT,2026-02-03T16:40:00+00:00,bearish,2247.86,2247.410428,2288.32148,2175.029336,0.043858545600039434,1.8071,"['be_50%@18644', {'type': 'tp1', 'contracts': np.float64(0.02631512736002366), 'price': np.float64(2175.029336), 'pnl': np.float64(1.904717654437592), 'comm': np.float64(0.02861808699431385)}, {'type': 'sl_rem', 'contracts': np.float64(0.017543418240015773), 'price': np.float64(2247.410428), 'pnl': np.float64(0.0), 'comm': np.float64(0.01971363054768843)}]",tp1_partial_then_sl
ETHUSDT,2026-02-03T16:45:00+00:00,bearish,2243.87,2243.421226,2284.2596599999997,2171.1686120000004,0.044607659325009895,1.8347,"['be_50%@18644', {'type': 'tp1', 'contracts': np.float64(0.026764595595005936), 'price': np.float64(2171.1686120000004), 'pnl': np.float64(1.9338119943920518), 'comm': np.float64(0.029055224934375182)}, {'type': 'sl_rem', 'contracts': np.float64(0.01784306373000396), 'price': np.float64(2243.421226), 'pnl': np.float64(0.0), 'comm': np.float64(0.020014753954380807)}]",tp1_partial_then_sl
ETHUSDT,2026-02-03T16:50:00+00:00,bearish,2241.84,2241.391632,2282.1931200000004,2169.2043839999997,0.045330045619576355,1.8627,"['be_50%@18644', {'type': 'tp1', 'contracts': np.float64(0.02719802737174581), 'price': np.float64(2169.2043839999997), 'pnl': np.float64(1.9633507469950204), 'comm': np.float64(0.0294990401054715)}, {'type': 'sl_rem', 'contracts': np.float64(0.018132018247830544), 'price': np.float64(2241.3916320000003), 'pnl': np.float64(0.0), 'comm': np.float64(0.020320476985979344)}]",tp1_partial_then_sl
ETHUSDT,2026-02-03T16:55:00+00:00,bearish,2240.6,2240.15188,2280.9308,2168.0045599999994,0.046047926672761724,1.8912,"['be_50%@18645', {'type': 'tp1', 'contracts': np.float64(0.027628756003657034), 'price': np.float64(2168.0045599999994), 'pnl': np.float64(1.9933407005977788), 'comm': np.float64(0.029949634501527905)}, {'type': 'sl_rem', 'contracts': np.float64(0.01841917066910469), 'price': np.float64(2240.15188), 'pnl': np.float64(0.0), 'comm': np.float64(0.020630869901217864)}]",tp1_partial_then_sl
ETHUSDT,2026-02-03T17:00:00+00:00,bearish,2242.62,2242.171476,2282.98716,2169.9591119999995,0.04670919297704987,1.9201,"['be_50%@18644', {'type': 'tp1', 'contracts': np.float64(0.02802551578622992), 'price': np.float64(2169.9591119999995), 'pnl': np.float64(2.0237887472429934), 'comm': np.float64(0.030407111674414723)}, {'type': 'sl_rem', 'contracts': np.float64(0.01868367719081995), 'price': np.float64(2242.171476), 'pnl': np.float64(0.0), 'comm': np.float64(0.020946004032024148)}]",tp1_partial_then_sl
ETHUSDT,2026-02-03T17:05:00+00:00,bearish,2226.06,2225.614788,2266.12908,2153.9356559999997,0.047775454931765236,1.9494,"['be_50%@18648', {'type': 'tp1', 'contracts': np.float64(0.02866527295905914), 'price': np.float64(2153.9356559999997), 'pnl': np.float64(2.054701884248437), 'comm': np.float64(0.030871576757745052)}, {'type': 'sl_rem', 'contracts': np.float64(0.019110181972706097), 'price': np.float64(2225.614788), 'pnl': np.float64(0.0), 'comm': np.float64(0.02126595179991285)}]",tp1_partial_then_sl
ETHUSDT,2026-02-03T17:10:00+00:00,bearish,2222.01,2221.565598,2262.0061800000003,2150.016876,0.048593628637538896,1.9792,"['be_50%@18648', {'type': 'tp1', 'contracts': np.float64(0.029156177182523335), 'price': np.float64(2150.016876), 'pnl': np.float64(2.0860872158151054), 'comm': np.float64(0.03134313649103566)}, {'type': 'sl_rem', 'contracts': np.float64(0.01943745145501556), 'price': np.float64(2221.565598), 'pnl': np.float64(0.0), 'comm': np.float64(0.021590786732628812)}]",tp1_partial_then_sl
ETHUSDT,2026-02-03T17:45:00+00:00,bearish,2208.96,2208.518208,2248.72128,2137.3896959999997,0.049627355123541265,2.0094,"['be_50%@18651', {'type': 'tp1', 'contracts': np.float64(0.029776413074124757), 'price': np.float64(2137.3896959999997), 'pnl': np.float64(2.1179519546598464), 'comm': np.float64(0.031821899244236965)}, {'type': 'sl_rem', 'contracts': np.float64(0.01985094204941651), 'price': np.float64(2208.518208), 'pnl': np.float64(0.0), 'comm': np.float64(0.0219205834810446)}]",tp1_partial_then_sl
ETHUSDT,2026-02-03T17:50:00+00:00,bearish,2206.55,2206.10869,2246.2679000000003,2135.05778,0.050440438263982694,2.0401,"['be_50%@18651', {'type': 'tp1', 'contracts': np.float64(0.030264262958389614), 'price': np.float64(2135.05778), 'pnl': np.float64(2.150303423672872), 'comm': np.float64(0.032307975042637785)}, {'type': 'sl_rem', 'contracts': np.float64(0.02017617530559308), 'price': np.float64(2206.10869), 'pnl': np.float64(0.0), 'comm': np.float64(0.022255417836316148)}]",tp1_partial_then_sl
ETHUSDT,2026-02-03T17:55:00+00:00,bearish,2195.11,2194.670978,2234.6219800000003,2123.9884359999996,0.051477800029714665,2.0713,"['be_50%@18651', {'type': 'tp1', 'contracts': np.float64(0.030886680017828797), 'price': np.float64(2123.9884359999996), 'pnl': np.float64(2.183149057600759), 'comm': np.float64(0.03280147559215031)}, {'type': 'sl_rem', 'contracts': np.float64(0.020591120011885868), 'price': np.float64(2194.670978), 'pnl': np.float64(0.0), 'comm': np.float64(0.022595366747300467)}]",tp1_partial_then_sl
ETHUSDT,2026-02-03T18:00:00+00:00,bearish,2181.76,2181.323648,2221.03168,2111.0709760000004,0.05258391701587457,2.1029,"['be_50%@18652', {'type': 'tp1', 'contracts': np.float64(0.03155035020952474), 'price': np.float64(2111.0709760000004), 'pnl': np.float64(2.216496404754861), 'comm': np.float64(0.03330251430498161)}, {'type': 'sl_rem', 'contracts': np.float64(0.02103356680634983), 'price': np.float64(2181.323648), 'pnl': np.float64(0.0), 'comm': np.float64(0.022940508338239362)}]",tp1_partial_then_sl
ETHUSDT,2026-02-03T18:10:00+00:00,bearish,2175.64,2175.204872,2214.80152,2105.1492639999997,0.05353730636254599,-0.1165,"['be_50%@18652', {'type': 'sl_full', 'contracts': np.float64(0.05353730636254599), 'price': np.float64(2175.204872), 'pnl': np.float64(0.0), 'comm': np.float64(0.058227304816783315)}]",full_sl
ETHUSDT,2026-02-03T18:15:00+00:00,bearish,2168.98,2168.546204,2208.02164,2098.7050480000003,0.05365695382464642,-0.1164,"['be_50%@18653', {'type': 'sl_full', 'contracts': np.float64(0.05365695382464642), 'price': np.float64(2168.546204), 'pnl': np.float64(0.0), 'comm': np.float64(0.058178791767320145)}]",full_sl
ETHUSDT,2026-02-03T18:20:00+00:00,bearish,2141.9,2141.47162,2180.4542,2072.50244,0.05429006725507075,-2.2337,"[{'type': 'sl_full', 'contracts': np.float64(0.05429006725507075), 'price': np.float64(2180.4542), 'pnl': np.float64(-2.116366889976169), 'comm': np.float64(0.059188502582300746)}]",full_sl
ETHUSDT,2026-02-03T18:25:00+00:00,bearish,2137.19,2136.762562,2175.65942,2067.945044,0.053538754296009974,-2.1979,"[{'type': 'sl_full', 'contracts': np.float64(0.053538754296009974), 'price': np.float64(2175.65942), 'pnl': np.float64(-2.0824893233487933), 'comm': np.float64(0.05824104755958978)}]",full_sl
ETHUSDT,2026-02-03T18:30:00+00:00,bearish,2145.9,2145.47082,2184.5262000000002,2076.37284,0.052467907085939534,-0.1126,"['be_50%@18657', {'type': 'sl_full', 'contracts': np.float64(0.052467907085939534), 'price': np.float64(2145.47082), 'pnl': np.float64(0.0), 'comm': np.float64(0.05628418181967725)}]",full_sl
ETHUSDT,2026-02-03T18:35:00+00:00,bearish,2140.83,2140.401834,2179.36494,2071.467108,0.05254834566313915,-2.1609,"[{'type': 'sl_full', 'contracts': np.float64(0.05254834566313915), 'price': np.float64(2179.36494), 'pnl': np.float64(-2.047446762197539), 'comm': np.float64(0.05726101109662326)}]",full_sl
ETHUSDT,2026-02-03T18:40:00+00:00,bearish,2127.03,2126.604594,2165.3165400000003,2058.114228,0.05204265445018489,-2.1264,"[{'type': 'sl_full', 'contracts': np.float64(0.05204265445018489), 'price': np.float64(2165.3165400000003), 'pnl': np.float64(-2.014672428772212), 'comm': np.float64(0.05634441023324498)}]",full_sl
ETHUSDT,2026-02-03T18:45:00+00:00,bearish,2118.7,2118.27626,2156.8365999999996,2050.0541200000002,0.05141092448246088,-2.0923,"[{'type': 'sl_full', 'contracts': np.float64(0.05141092448246088), 'price': np.float64(2156.8365999999996), 'pnl': np.float64(-1.9824227277580153), 'comm': np.float64(0.05544248178180384)}]",full_sl
ETHUSDT,2026-02-03T18:50:00+00:00,bearish,2121.84,2121.415632,2160.03312,2053.0923840000005,0.05051310590542096,-2.0588,"[{'type': 'sl_full', 'contracts': np.float64(0.05051310590542096), 'price': np.float64(2160.03312), 'pnl': np.float64(-1.9506892611453164), 'comm': np.float64(0.05455499087488843)}]",full_sl
ETHUSDT,2026-02-03T18:55:00+00:00,bearish,2120.65,2120.22587,2158.8217,2051.9409400000004,0.04973241319994874,-2.0259,"[{'type': 'sl_full', 'contracts': np.float64(0.04973241319994874), 'price': np.float64(2158.8217), 'pnl': np.float64(-1.9194637653549653), 'comm': np.float64(0.05368170640470789)}]",full_sl
ETHUSDT,2026-02-07T01:30:00+00:00,bullish,2050.53,2050.940106,2028.5348,2090.1213600000005,0.028308945364598232,0.6071,"['be_50%@19620', {'type': 'tp1', 'contracts': np.float64(0.01698536721875894), 'price': np.float64(2090.1213600000005), 'pnl': np.float64(0.6655079872814766), 'comm': np.float64(0.01775073941568593)}, {'type': 'sl_rem', 'contracts': np.float64(0.011323578145839293), 'price': np.float64(2050.940106), 'pnl': np.float64(0.0), 'comm': np.float64(0.011611990281363461)}]",tp1_partial_then_sl
ETHUSDT,2026-02-07T01:35:00+00:00,bullish,2052.45,2052.86049,2028.5348,2095.49736,0.02616313020559421,0.6153,"['be_50%@19622', {'type': 'tp1', 'contracts': np.float64(0.015697878123356525), 'price': np.float64(2095.49736), 'pnl': np.float64(0.6693083888214004), 'comm': np.float64(0.016447431082547675)}, {'type': 'sl_rem', 'contracts': np.float64(0.010465252082237685), 'price': np.float64(2052.8604899999996), 'pnl': np.float64(0.0), 'comm': np.float64(0.010741851258757984)}]",tp1_partial_then_sl
ETHUSDT,2026-02-07T01:45:00+00:00,bullish,2059.11,2059.521822,2028.5348,2114.1453600000004,0.02056479806786173,0.6313,"['be_50%@19632', {'type': 'tp1', 'contracts': np.float64(0.012338878840717037), 'price': np.float64(2114.1453600000004), 'pnl': np.float64(0.6739932172333065), 'comm': np.float64(0.013043091724352054)}, {'type': 'sl_rem', 'contracts': np.float64(0.008225919227144692), 'price': np.float64(2059.521822), 'pnl': np.float64(0.0), 'comm': np.float64(0.008470730077156935)}]",tp1_partial_then_sl
ETHUSDT,2026-02-07T01:50:00+00:00,bullish,2061.78,2062.192356,2028.5348,2121.6213600000005,0.028512205975705335,-0.0588,"['be_50%@19632', {'type': 'sl_full', 'contracts': np.float64(0.028512205975705335), 'price': np.float64(2062.192356), 'pnl': np.float64(0.0), 'comm': np.float64(0.029398826607898533)}]",full_sl
ETHUSDT,2026-02-07T01:55:00+00:00,bullish,2061.94,2062.352388,2028.5348,2122.0693600000004,0.028362440808748477,-0.0585,"['be_50%@19632', {'type': 'sl_full', 'contracts': np.float64(0.028362440808748477), 'price': np.float64(2062.352388), 'pnl': np.float64(0.0), 'comm': np.float64(0.029246673765715537)}]",full_sl
ETHUSDT,2026-02-07T03:00:00+00:00,bullish,2065.18,2065.593036,2028.5348,2131.1413599999996,0.025842792714951074,-0.0534,"['be_50%@19634', {'type': 'sl_full', 'contracts': np.float64(0.025842792714951074), 'price': np.float64(2065.5930359999998), 'pnl': np.float64(0.0), 'comm': np.float64(0.026690346331397233)}]",full_sl
ETHUSDT,2026-02-07T03:05:00+00:00,bullish,2071.97,2072.384394,2034.6745399999998,2139.101828,0.025381479472379544,-0.0526,"['be_50%@19634', {'type': 'sl_full', 'contracts': np.float64(0.025381479472379544), 'price': np.float64(2072.3843939999997), 'pnl': np.float64(0.0), 'comm': np.float64(0.026300090977595357)}]",full_sl
ETHUSDT,2026-02-07T03:10:00+00:00,bullish,2076.48,2076.895296,2039.10336,2143.757952,0.02531579754194835,-0.0526,"['be_50%@19636', {'type': 'sl_full', 'contracts': np.float64(0.02531579754194835), 'price': np.float64(2076.895296), 'pnl': np.float64(0.0), 'comm': np.float64(0.026289130414680447)}]",full_sl
ETHUSDT,2026-02-07T03:20:00+00:00,bullish,2074.62,2075.034924,2037.2768399999998,2141.837688,0.025327934595842136,-0.0526,"['be_50%@19634', {'type': 'sl_full', 'contracts': np.float64(0.025327934595842136), 'price': np.float64(2075.034924), 'pnl': np.float64(0.0), 'comm': np.float64(0.02627817441958013)}]",full_sl
ETHUSDT,2026-02-07T03:25:00+00:00,bullish,2078.4,2078.81568,2040.9888,2145.7401600000003,0.025271334292024165,-0.0525,"['be_50%@19636', {'type': 'sl_full', 'contracts': np.float64(0.025271334292024165), 'price': np.float64(2078.81568), 'pnl': np.float64(0.0), 'comm': np.float64(0.02626722299039077)}]",full_sl
ETHUSDT,2026-02-07T03:35:00+00:00,bullish,2075.66,2076.075132,2038.29812,2142.9113839999995,0.025294148290206986,-0.0525,"['be_50%@19636', {'type': 'sl_full', 'contracts': np.float64(0.025294148290206986), 'price': np.float64(2076.075132), 'pnl': np.float64(0.0), 'comm': np.float64(0.026256276125209522)}]",full_sl
ETHUSDT,2026-02-07T03:40:00+00:00,bullish,2078.49,2078.905698,2041.0771799999998,2145.833076,0.02524918167032158,-0.0525,"['be_50%@19636', {'type': 'sl_full', 'contracts': np.float64(0.02524918167032158), 'price': np.float64(2078.9056979999996), 'pnl': np.float64(0.0), 'comm': np.float64(0.02624533382213434)}]",full_sl
ETHUSDT,2026-02-07T03:45:00+00:00,bullish,2079.51,2079.925902,2042.0788200000002,2146.886124,0.025226279507397534,-0.0525,"['be_50%@19636', {'type': 'sl_full', 'contracts': np.float64(0.025226279507397534), 'price': np.float64(2079.925902), 'pnl': np.float64(0.0), 'comm': np.float64(0.026234396079263967)}]",full_sl
ETHUSDT,2026-02-07T03:50:00+00:00,bullish,2080.99,2081.406198,2043.5321799999997,2148.414076,0.025197833003376056,-0.0524,"['be_50%@19636', {'type': 'sl_full', 'contracts': np.float64(0.025197833003376056), 'price': np.float64(2081.4061979999997), 'pnl': np.float64(0.0), 'comm': np.float64(0.026223462894697937)}]",full_sl
ETHUSDT,2026-02-07T03:55:00+00:00,bullish,2080.81,2081.226162,2043.3554199999999,2148.228244,0.025189510630932162,-0.0524,"['be_50%@19636', {'type': 'sl_full', 'contracts': np.float64(0.025189510630932162), 'price': np.float64(2081.226162), 'pnl': np.float64(0.0), 'comm': np.float64(0.026212534266536573)}]",full_sl
ETHUSDT,2026-03-07T12:45:00+00:00,bearish,1981.35,1980.95373,1998.9699600000001,1949.6340719999996,0.05352278626472985,2.242,"['be_50%@27879', {'type': 'tp1', 'contracts': np.float64(0.03211367175883791), 'price': np.float64(1949.6340719999996), 'pnl': np.float64(1.005789216611073), 'comm': np.float64(0.03130495431902727)}, {'type': 'tp2', 'contracts': np.float64(0.021409114505891943), 'price': np.float64(1918.3144139999993), 'pnl': np.float64(1.341052288814764), 'comm': np.float64(0.02053470647381449)}]",tp2_reached
ETHUSDT,2026-03-07T12:55:00+00:00,bearish,1982.51,1982.113498,1998.9699600000001,1952.8820719999997,0.05831631843553986,2.2721,"['be_50%@27864', {'type': 'tp1', 'contracts': np.float64(0.03498979106132392), 'price': np.float64(1952.8820719999997), 'pnl': np.float64(1.0228014881645615), 'comm': np.float64(0.034165467833342664)}, {'type': 'tp2', 'contracts': np.float64(0.023326527374215946), 'price': np.float64(1923.6506459999994), 'pnl': np.float64(1.3637353175527487), 'comm': np.float64(0.02243604472617359)}]",tp2_reached
ETHUSDT,2026-03-18T01:00:00+00:00,bullish,2327.88,2328.345576,2302.386,2373.7692,0.0766396267857313,-2.167,"[{'type': 'sl_full', 'contracts': np.float64(0.0766396267857313), 'price': 2302.386, 'pnl': np.float64(-1.9895322161558426), 'comm': np.float64(0.08822700187834637)}]",full_sl
ETHUSDT,2026-03-18T01:05:00+00:00,bullish,2328.69,2329.155738,2302.386,2376.0372,0.07304386901175218,-2.1245,"[{'type': 'sl_full', 'contracts': np.float64(0.07304386901175218), 'price': 2302.386, 'pnl': np.float64(-1.955365235950922), 'comm': np.float64(0.08408759069924603)}]",full_sl
ETHUSDT,2026-03-18T01:10:00+00:00,bullish,2325.52,2325.985104,2302.386,2367.1612,0.08167537645827022,-0.19,"['be_50%@30858', {'type': 'sl_full', 'contracts': np.float64(0.08167537645827022), 'price': np.float64(2325.985104), 'pnl': np.float64(0.0), 'comm': np.float64(0.09498785450276441)}]",full_sl
ETHUSDT,2026-03-18T01:15:00+00:00,bullish,2325.78,2326.245156,2302.386,2367.8892000000005,0.08064582898822446,-0.1876,"['be_50%@30858', {'type': 'sl_full', 'contracts': np.float64(0.08064582898822446), 'price': np.float64(2326.245156), 'pnl': np.float64(0.0), 'comm': np.float64(0.09380098451773076)}]",full_sl
ETHUSDT,2026-03-18T01:20:00+00:00,bullish,2328.2,2328.66564,2302.386,2374.6651999999995,0.0729764660190215,-2.0868,"[{'type': 'sl_full', 'contracts': np.float64(0.0729764660190215), 'price': 2302.386, 'pnl': np.float64(-1.9177952554520994), 'comm': np.float64(0.08400999684583542)}]",full_sl
ETHUSDT,2026-03-18T01:25:00+00:00,bullish,2330.16,2330.626032,2302.386,2380.1531999999997,0.06669953487482701,-2.0381,"[{'type': 'sl_full', 'contracts': np.float64(0.06669953487482701), 'price': 2302.386, 'pnl': np.float64(-1.8835969992502106), 'comm': np.float64(0.07678403765115673)}]",full_sl
ETHUSDT,2026-03-18T01:30:00+00:00,bullish,2331.65,2332.11633,2302.386,2384.3252,0.062258791638793325,-1.9952,"[{'type': 'sl_full', 'contracts': np.float64(0.062258791638793325), 'price': 2302.386, 'pnl': np.float64(-1.850974420822558), 'comm': np.float64(0.0716718851230374)}]",full_sl
ETHUSDT,2026-03-18T01:35:00+00:00,bullish,2330.13,2330.596026,2302.386,2380.0692000000004,0.06459099709282948,-1.9717,"[{'type': 'sl_full', 'contracts': np.float64(0.06459099709282948), 'price': 2302.386, 'pnl': np.float64(-1.8221137073546567), 'comm': np.float64(0.07435670371628564)}]",full_sl
ETHUSDT,2026-03-18T01:40:00+00:00,bullish,2330.35,2330.81607,2302.386,2380.6852,0.06302519492092906,-1.9378,"[{'type': 'sl_full', 'contracts': np.float64(0.06302519492092906), 'price': 2302.386, 'pnl': np.float64(-1.7918107033656505), 'comm': np.float64(0.07255416321660908)}]",full_sl
ETHUSDT,2026-03-27T09:45:00+00:00,bearish,2045.08,2044.670984,2075.96364,1989.4894479999998,0.02806290525892669,0.8722,"['be_50%@33535', {'type': 'tp1', 'contracts': np.float64(0.016837743155356015), 'price': np.float64(1989.4894479999998), 'pnl': np.float64(0.9291325300860324), 'comm': np.float64(0.016749256167857506)}, {'type': 'sl_rem', 'contracts': np.float64(0.011225162103570677), 'price': np.float64(2044.6709839999999), 'pnl': np.float64(0.0), 'comm': np.float64(0.011475881621933684)}]",tp1_partial_then_sl
ETHUSDT,2026-03-27T09:50:00+00:00,bearish,2045.03,2044.620994,2075.96364,1989.349448,0.028229018506474197,0.8789,"['be_50%@33535', {'type': 'tp1', 'contracts': np.float64(0.01693741110388452), 'price': np.float64(1989.349448), 'pnl': np.float64(0.9361568969492668), 'comm': np.float64(0.01684721471503087)}, {'type': 'sl_rem', 'contracts': np.float64(0.011291607402589679), 'price': np.float64(2044.620994), 'pnl': np.float64(0.0), 'comm': np.float64(0.011543528775670336)}]",tp1_partial_then_sl
ETHUSDT,2026-03-27T09:55:00+00:00,bearish,2041.08,2040.671784,2075.96364,1978.289448,0.02522151074311639,-0.0515,"['be_50%@33535', {'type': 'sl_full', 'contracts': np.float64(0.02522151074311639), 'price': np.float64(2040.671784), 'pnl': np.float64(0.0), 'comm': np.float64(0.02573441266166524)}]",full_sl
ETHUSDT,2026-04-02T21:00:00+00:00,bearish,2066.42,2066.006716,2078.3083199999996,2045.0210240000008,0.07397446273561883,0.7791,"['be_50%@35405', {'type': 'tp1', 'contracts': np.float64(0.0443846776413713), 'price': np.float64(2045.0210240000008), 'pnl': np.float64(0.9314431745010832), 'comm': np.float64(0.045383799460033535)}, {'type': 'sl_rem', 'contracts': np.float64(0.029589785094247534), 'price': np.float64(2066.0067160000003), 'pnl': np.float64(0.0), 'comm': np.float64(0.030566347364856052)}]",tp1_partial_then_sl
ETHUSDT,2026-04-02T21:05:00+00:00,bearish,2063.85,2063.43723,2078.3083199999996,2037.8250240000004,0.06122946258787859,-0.1263,"['be_50%@35433', {'type': 'sl_full', 'contracts': np.float64(0.06122946258787859), 'price': np.float64(2063.43723), 'pnl': np.float64(0.0), 'comm': np.float64(0.06317157633836042)}]",full_sl
ETHUSDT,2026-04-02T21:10:00+00:00,bearish,2059.51,2059.098098,2078.3083199999996,2025.6730240000013,0.047042905423384226,-0.0969,"['be_50%@35454', {'type': 'sl_full', 'contracts': np.float64(0.047042905423384226), 'price': np.float64(2059.0980980000004), 'pnl': np.float64(0.0), 'comm': np.float64(0.04843297854084218)}]",full_sl
ETHUSDT,2026-04-02T21:20:00+00:00,bearish,2058.32,2057.908336,2078.3083199999996,2022.3410240000012,0.044205870988677155,-0.9932,"[{'type': 'sl_full', 'contracts': np.float64(0.044205870988677155), 'price': 2078.3083199999996, 'pnl': np.float64(-0.9017990608750438), 'comm': np.float64(0.045936714734307174)}]",full_sl
ETHUSDT,2026-04-02T21:25:00+00:00,bearish,2059.48,2059.068104,2078.3083199999996,2025.5890240000008,0.04653372862099703,-0.0958,"['be_50%@35454', {'type': 'sl_full', 'contracts': np.float64(0.04653372862099703), 'price': np.float64(2059.068104), 'pnl': np.float64(0.0), 'comm': np.float64(0.047908058181843446)}]",full_sl
ETHUSDT,2026-04-02T21:30:00+00:00,bearish,2059.62,2059.208076,2078.3083199999996,2025.9810240000004,0.04684387426994814,-0.0965,"['be_50%@35454', {'type': 'sl_full', 'contracts': np.float64(0.04684387426994814), 'price': np.float64(2059.208076), 'pnl': np.float64(0.0), 'comm': np.float64(0.048230642103902904)}]",full_sl
ETHUSDT,2026-04-02T21:35:00+00:00,bearish,2059.68,2059.268064,2078.3083199999996,2026.1490240000003,0.04695591726816998,-0.0967,"['be_50%@35454', {'type': 'sl_full', 'contracts': np.float64(0.04695591726816998), 'price': np.float64(2059.268064), 'pnl': np.float64(0.0), 'comm': np.float64(0.048347410423084276)}]",full_sl
ETHUSDT,2026-04-02T21:40:00+00:00,bearish,2057.97,2057.558406,2078.3083199999996,2021.361024,0.042972312443144145,-0.9805,"[{'type': 'sl_full', 'contracts': np.float64(0.042972312443144145), 'price': 2078.3083199999996, 'pnl': np.float64(-0.8916717875763704), 'comm': np.float64(0.044654857240113)}]",full_sl
ETHUSDT,2026-04-02T22:15:00+00:00,bearish,2062.81,2062.397438,2078.3083199999996,2034.9130240000004,0.055917713927215125,-0.1153,"['be_50%@35443', {'type': 'sl_full', 'contracts': np.float64(0.055917713927215125), 'price': np.float64(2062.397438), 'pnl': np.float64(0.0), 'comm': np.float64(0.0576622749711527)}]",full_sl
ETHUSDT,2026-04-02T22:20:00+00:00,bearish,2059.01,2058.598198,2078.3083199999996,2024.2730240000012,0.04486223101222689,-0.0924,"['be_50%@35454', {'type': 'sl_full', 'contracts': np.float64(0.04486223101222689), 'price': np.float64(2058.598198), 'pnl': np.float64(0.0), 'comm': np.float64(0.046176653960014996)}]",full_sl
ETHUSDT,2026-04-02T22:25:00+00:00,bearish,2057.15,2056.73857,2078.3083199999996,2019.065024000001,0.040885714942323896,-0.9664,"[{'type': 'sl_full', 'contracts': np.float64(0.040885714942323896), 'price': 2078.3083199999996, 'pnl': np.float64(-0.8818946498771769), 'comm': np.float64(0.04248656076689003)}]",full_sl
ETHUSDT,2026-04-02T23:00:00+00:00,bearish,2059.95,2059.53801,2075.75322,2031.5042039999994,0.05428164886635724,-0.1118,"['be_50%@35445', {'type': 'sl_full', 'contracts': np.float64(0.05428164886635724), 'price': np.float64(2059.5380099999998), 'pnl': np.float64(0.0), 'comm': np.float64(0.05589755954286807)}]",full_sl
ETHUSDT,2026-04-02T23:05:00+00:00,bearish,2058.77,2058.358246,2075.75322,2028.2002039999998,0.050460771020139884,-0.1039,"['be_50%@35454', {'type': 'sl_full', 'contracts': np.float64(0.050460771020139884), 'price': np.float64(2058.3582460000002), 'pnl': np.float64(0.0), 'comm': np.float64(0.051933172064411386)}]",full_sl
ETHUSDT,2026-04-02T23:10:00+00:00,bearish,2057.69,2057.278462,2075.75322,2025.176204,0.04740059513329836,-0.0975,"['be_50%@35454', {'type': 'sl_full', 'contracts': np.float64(0.04740059513329836), 'price': np.float64(2057.278462), 'pnl': np.float64(0.0), 'comm': np.float64(0.04875811172685837)}]",full_sl
ETHUSDT,2026-04-02T23:15:00+00:00,bearish,2057.84,2057.428432,2074.60092,2027.6703440000006,0.05103991942851641,-0.105,"['be_50%@35454', {'type': 'sl_full', 'contracts': np.float64(0.05103991942851641), 'price': np.float64(2057.428432), 'pnl': np.float64(0.0), 'comm': np.float64(0.052505490699609435)}]",full_sl
ETHUSDT,2026-04-02T23:20:00+00:00,bearish,2060.39,2059.977922,2074.60092,2034.810344,0.06014307476133153,-0.1239,"['be_50%@35443', {'type': 'sl_full', 'contracts': np.float64(0.06014307476133153), 'price': np.float64(2059.977922), 'pnl': np.float64(0.0), 'comm': np.float64(0.06194670308476919)}]",full_sl
ETHUSDT,2026-04-02T23:25:00+00:00,bearish,2055.25,2054.83895,2074.60092,2020.4183440000002,0.04411982600522535,-0.963,"[{'type': 'sl_full', 'contracts': np.float64(0.04411982600522535), 'price': 2074.60092, 'pnl': np.float64(-0.871894677920484), 'comm': np.float64(0.04576551581034021)}]",full_sl
ETHUSDT,2026-04-03T07:30:00+00:00,bullish,2068.15,2068.56363,2043.2552999999998,2112.9604600000007,0.06800939960911381,-1.861,"[{'type': 'sl_full', 'contracts': np.float64(0.06800939960911381), 'price': 2043.2552999999998, 'pnl': np.float64(-1.7212043284093435), 'comm': np.float64(0.06948028310056986)}]",full_sl
ETHUSDT,2026-04-03T07:40:00+00:00,bullish,2069.07,2069.483814,2043.2552999999998,2115.5364600000007,0.0645042637720904,-1.8245,"[{'type': 'sl_full', 'contracts': np.float64(0.0645042637720904), 'price': 2043.2552999999998, 'pnl': np.float64(-1.6918509854059889), 'comm': np.float64(0.06589933941246084)}]",full_sl
ETHUSDT,2026-04-10T08:35:00+00:00,bullish,2189.62,2190.057924,2172.0472,2221.2510399999996,0.09320033142991208,3.8639,"['be_50%@37573', {'type': 'tp1', 'contracts': np.float64(0.055920198857947245), 'price': np.float64(2221.2510399999996), 'pnl': np.float64(1.7443252497190114), 'comm': np.float64(0.06210639993511106)}, {'type': 'tp2', 'contracts': np.float64(0.03728013257196483), 'price': np.float64(2252.4441559999996), 'pnl': np.float64(2.3257669996253485), 'comm': np.float64(0.04198570837331371)}]",tp2_reached
ETHUSDT,2026-04-10T09:15:00+00:00,bullish,2194.85,2195.28897,2172.0472,2235.89504,0.07436586429448747,4.0622,"['be_50%@37575', {'type': 'tp1', 'contracts': np.float64(0.044619518576692475), 'price': np.float64(2235.89504), 'pnl': np.float64(1.811823294691467), 'comm': np.float64(0.04988228013640728)}, {'type': 'tp2', 'contracts': np.float64(0.029746345717794987), 'price': np.float64(2276.5011099999997), 'pnl': np.float64(2.415764392921956), 'comm': np.float64(0.03385879452250202)}]",tp2_reached
ETHUSDT,2026-04-10T09:20:00+00:00,bullish,2194.28,2194.718856,2172.0472,2234.299040000001,0.07901313466213912,4.2027,"['be_50%@37575', {'type': 'tp1', 'contracts': np.float64(0.04740788079728347), 'price': np.float64(2234.299040000001), 'pnl': np.float64(1.8764126450065857), 'comm': np.float64(0.052961691276902464)}, {'type': 'tp2', 'contracts': np.float64(0.03160525386485565), 'price': np.float64(2273.8792240000016), 'pnl': np.float64(2.501883526675448), 'comm': np.float64(0.03593326506627051)}]",tp2_reached
ETHUSDT,2026-04-10T10:45:00+00:00,bullish,2194.96,2195.398992,2177.2268200000003,2226.8797239999994,0.10261688266981313,4.2951,"['be_50%@37573', {'type': 'tp1', 'contracts': np.float64(0.061570129601887874), 'price': np.float64(2226.8797239999994), 'pnl': np.float64(1.9382727492022702), 'comm': np.float64(0.06855463660724813)}, {'type': 'tp2', 'contracts': np.float64(0.041046753067925254), 'price': np.float64(2258.360455999999), 'pnl': np.float64(2.584363665603027), 'comm': np.float64(0.04634918198789952)}]",tp2_reached
ETHUSDT,2026-04-10T10:50:00+00:00,bullish,2197.31,2197.749462,2177.2268200000003,2233.4597239999994,0.09381731393434797,4.4818,"['be_50%@37575', {'type': 'tp1', 'contracts': np.float64(0.05629038836060878), 'price': np.float64(2233.4597239999994), 'pnl': np.float64(2.010144516439068), 'comm': np.float64(0.06286115762586904)}, {'type': 'tp2', 'contracts': np.float64(0.03752692557373919), 'price': np.float64(2269.169985999999), 'pnl': np.float64(2.6801926885854237), 'comm': np.float64(0.04257748658939238)}]",tp2_reached
ETHUSDT,2026-04-10T10:55:00+00:00,bullish,2197.24,2197.679448,2177.2268200000003,2233.263723999999,0.09750459842653607,4.6408,"['be_50%@37575', {'type': 'tp1', 'contracts': np.float64(0.05850275905592164), 'price': np.float64(2233.263723999999), 'pnl': np.float64(2.0817783250073645), 'comm': np.float64(0.06532604477675111)}, {'type': 'tp2', 'contracts': np.float64(0.03900183937061443), 'price': np.float64(2268.847999999998), 'pnl': np.float64(2.775704433343153), 'comm': np.float64(0.04424462262616987)}]",tp2_reached
ETHUSDT,2026-04-19T01:15:00+00:00,bearish,2346.74,2346.270652,2364.219,2315.2777999999994,0.05781190661970815,0.9399,"['be_50%@40088', {'type': 'tp1', 'contracts': np.float64(0.03468714397182489), 'price': np.float64(2315.2777999999994), 'pnl': np.float64(1.0750535194214716), 'comm': np.float64(0.04015518719168498)}, {'type': 'sl_rem', 'contracts': np.float64(0.02312476264788326), 'price': np.float64(2346.2706519999997), 'pnl': np.float64(0.0), 'comm': np.float64(0.02712847596759715)}]",tp1_partial_then_sl
ETHUSDT,2026-04-19T01:20:00+00:00,bearish,2345.35,2344.88093,2364.219,2311.3857999999996,0.053926754507576474,0.9579,"['be_50%@40088', {'type': 'tp1', 'contracts': np.float64(0.03235605270454588), 'price': np.float64(2311.3857999999996), 'pnl': np.float64(1.083770191625624), 'comm': np.float64(0.03739366038266947)}, {'type': 'sl_rem', 'contracts': np.float64(0.02157070180303059), 'price': np.float64(2344.88093), 'pnl': np.float64(0.0), 'comm': np.float64(0.025290363652321523)}]",tp1_partial_then_sl
ETHUSDT,2026-04-19T01:25:00+00:00,bearish,2344.35,2343.88113,2364.219,2308.5858,0.05157420518103123,0.9719,"['be_50%@40088', {'type': 'tp1', 'contracts': np.float64(0.030944523108618737), 'price': np.float64(2308.5858), 'pnl': np.float64(1.0921971548113218), 'comm': np.float64(0.035719043318164535)}, {'type': 'sl_rem', 'contracts': np.float64(0.020629682072412493), 'price': np.float64(2343.8811299999998), 'pnl': np.float64(0.0), 'comm': np.float64(0.024176761263713466)}]",tp1_partial_then_sl
ETHUSDT,2026-04-19T03:45:00+00:00,bearish,2343.57,2343.101286,2354.83026,2323.301532,0.09165124327457284,2.3271,"['be_50%@40088', {'type': 'tp1', 'contracts': np.float64(0.0549907459647437), 'price': np.float64(2323.301532), 'pnl': np.float64(1.0888032423784246), 'comm': np.float64(0.06388004217285594)}, {'type': 'tp2', 'contracts': np.float64(0.03666049730982914), 'price': np.float64(2303.501778), 'pnl': np.float64(1.4517376565045665), 'comm': np.float64(0.04222376036777782)}]",tp2_reached
ETHUSDT,2026-04-19T03:50:00+00:00,bearish,2343.09,2342.621382,2354.83026,2321.957532,0.08939067799776854,2.3779,"['be_50%@40088', {'type': 'tp1', 'contracts': np.float64(0.05363440679866112), 'price': np.float64(2321.957532), 'pnl': np.float64(1.108293336926533), 'comm': np.float64(0.062268407420251595)}, {'type': 'tp2', 'contracts': np.float64(0.03575627119910742), 'price': np.float64(2301.2936819999995), 'pnl': np.float64(1.4777244492353778), 'comm': np.float64(0.04114284050119223)}]",tp2_reached
ETHUSDT,2026-04-19T03:55:00+00:00,bearish,2339.77,2339.302046,2354.83026,2312.6615319999996,0.07086890056219253,0.9676,"['be_50%@40088', {'type': 'tp1', 'contracts': np.float64(0.042521340337315514), 'price': np.float64(2312.6615319999996), 'pnl': np.float64(1.132790362555045), 'comm': np.float64(0.04916873404359474)}, {'type': 'sl_rem', 'contracts': np.float64(0.028347560224877014), 'price': np.float64(2339.3020460000002), 'pnl': np.float64(0.0), 'comm': np.float64(0.03315675281658151)}]",tp1_partial_then_sl
ETHUSDT,2026-04-24T00:45:00+00:00,bearish,2335.3,2334.83294,2342.175,2322.925,0.1041998415353387,0.5016,"['be_50%@41484', {'type': 'tp1', 'contracts': np.float64(0.06251990492120323), 'price': np.float64(2322.925), 'pnl': np.float64(0.7444832766073961), 'comm': np.float64(0.07261452506954301)}, {'type': 'sl_rem', 'contracts': np.float64(0.041679936614135486), 'price': np.float64(2334.8329400000002), 'pnl': np.float64(0.0), 'comm': np.float64(0.048657844471897804)}]",tp1_partial_then_sl
ETHUSDT,2026-04-24T00:50:00+00:00,bearish,2333.11,2332.643378,2342.175,2316.793,0.07930300518862443,-0.185,"['be_50%@41485', {'type': 'sl_full', 'contracts': np.float64(0.07930300518862443), 'price': np.float64(2332.643378), 'pnl': np.float64(0.0), 'comm': np.float64(0.09249281495437223)}]",full_sl
ETHUSDT,2026-04-24T00:55:00+00:00,bearish,2332.48,2332.013504,2342.175,2315.0289999999995,0.07405433871947695,-0.1727,"['be_50%@41487', {'type': 'sl_full', 'contracts': np.float64(0.07405433871947695), 'price': np.float64(2332.013504), 'pnl': np.float64(0.0), 'comm': np.float64(0.08634785896180516)}]",full_sl
ETHUSDT,2026-04-24T01:00:00+00:00,bearish,2327.39,2326.924522,2342.175,2300.776999999999,0.07275211382776882,0.9727,"['be_50%@41512', {'type': 'tp1', 'contracts': np.float64(0.04365126829666129), 'price': np.float64(2300.776999999999), 'pnl': np.float64(1.1413724981148827), 'comm': np.float64(0.05021591705889372)}, {'type': 'sl_rem', 'contracts': np.float64(0.02910084553110753), 'price': np.float64(2326.924522), 'pnl': np.float64(0.0), 'comm': np.float64(0.03385773553863411)}]",tp1_partial_then_sl
ETHUSDT,2026-04-24T01:05:00+00:00,bearish,2325.11,2324.644978,2342.175,2294.393,0.0634594146934434,-0.1475,"['be_50%@41512', {'type': 'sl_full', 'contracts': np.float64(0.0634594146934434), 'price': np.float64(2324.6449780000003), 'pnl': np.float64(0.0), 'comm': np.float64(0.07376030483696631)}]",full_sl
ETHUSDT,2026-04-24T01:10:00+00:00,bearish,2325.73,2325.264854,2342.175,2296.129,0.06578464622505625,-0.153,"['be_50%@41512', {'type': 'sl_full', 'contracts': np.float64(0.06578464622505625), 'price': np.float64(2325.264854), 'pnl': np.float64(0.0), 'comm': np.float64(0.07648336289997354)}]",full_sl
ETHUSDT,2026-04-24T01:15:00+00:00,bearish,2323.39,2322.925322,2342.175,2289.5769999999993,0.057528946325661086,-0.1336,"['be_50%@41514', {'type': 'sl_full', 'contracts': np.float64(0.057528946325661086), 'price': np.float64(2322.925322), 'pnl': np.float64(0.0), 'comm': np.float64(0.0668177230839285)}]",full_sl
ETHUSDT,2026-04-24T01:20:00+00:00,bearish,2322.59,2322.125482,2342.175,2287.337,0.0551278524830891,-0.128,"['be_50%@41514', {'type': 'sl_full', 'contracts': np.float64(0.0551278524830891), 'price': np.float64(2322.1254820000004), 'pnl': np.float64(0.0), 'comm': np.float64(0.0640068955094591)}]",full_sl
ETHUSDT,2026-04-24T01:25:00+00:00,bearish,2321.6,2321.13568,2342.175,2284.5649999999996,0.05242862150418694,-0.1217,"['be_50%@41514', {'type': 'sl_full', 'contracts': np.float64(0.05242862150418694), 'price': np.float64(2321.13568), 'pnl': np.float64(0.0), 'comm': np.float64(0.060846972013291784)}]",full_sl
ETHUSDT,2026-04-24T02:15:00+00:00,bearish,2328.7,2328.23426,2342.175,2304.4449999999993,0.07998561653940126,-0.1862,"['be_50%@41506', {'type': 'sl_full', 'contracts': np.float64(0.07998561653940126), 'price': np.float64(2328.2342599999997), 'pnl': np.float64(0.0), 'comm': np.float64(0.09311262636712832)}]",full_sl
ETHUSDT,2026-04-24T02:20:00+00:00,bearish,2325.1,2324.63498,2342.175,2294.3649999999993,0.06304008746547214,-0.1465,"['be_50%@41512', {'type': 'sl_full', 'contracts': np.float64(0.06304008746547214), 'price': np.float64(2324.63498), 'pnl': np.float64(0.0), 'comm': np.float64(0.07327259623224804)}]",full_sl
ETHUSDT,2026-04-24T02:25:00+00:00,bearish,2325.0,2324.535,2342.175,2294.0849999999996,0.06260904829865845,-0.1455,"['be_50%@41512', {'type': 'sl_full', 'contracts': np.float64(0.06260904829865845), 'price': np.float64(2324.535), 'pnl': np.float64(0.0), 'comm': np.float64(0.072768462043461)}]",full_sl
ETHUSDT,2026-04-24T03:00:00+00:00,bearish,2318.93,2318.466214,2340.672,2279.7943999999993,0.04940754657339753,-1.2122,"[{'type': 'sl_full', 'contracts': np.float64(0.04940754657339753), 'price': 2340.672, 'pnl': np.float64(-1.0971334059938982), 'comm': np.float64(0.05782343042652377)}]",full_sl
ETHUSDT,2026-04-24T03:10:00+00:00,bearish,2319.6,2319.13608,2340.672,2281.6703999999995,0.05054703586976713,-0.1172,"['be_50%@41535', {'type': 'sl_full', 'contracts': np.float64(0.05054703586976713), 'price': np.float64(2319.1360799999998), 'pnl': np.float64(0.0), 'comm': np.float64(0.05861272731131556)}]",full_sl
ETHUSDT,2026-04-24T03:15:00+00:00,bearish,2317.81,2317.346438,2340.06078,2277.758596,0.047829691765325824,-1.1978,"[{'type': 'sl_full', 'contracts': np.float64(0.047829691765325824), 'price': 2340.06078, 'pnl': np.float64(-1.0864199765121831), 'comm': np.float64(0.05596219290976396)}]",full_sl
ETHUSDT,2026-04-24T03:20:00+00:00,bearish,2309.8,2309.33804,2340.06078,2255.3305960000007,0.03487234764918507,-1.1524,"[{'type': 'sl_full', 'contracts': np.float64(0.03487234764918507), 'price': 2340.06078, 'pnl': np.float64(-1.0713740700155139), 'comm': np.float64(0.040801706520191584)}]",full_sl
ETHUSDT,2026-04-24T03:25:00+00:00,bearish,2310.85,2310.38783,2340.06078,2258.2705960000003,0.035829961638317795,-1.1465,"[{'type': 'sl_full', 'contracts': np.float64(0.035829961638317795), 'price': 2340.06078, 'pnl': np.float64(-1.0631806601957103), 'comm': np.float64(0.04192214398936601)}]",full_sl
ETHUSDT,2026-04-24T03:30:00+00:00,bearish,2301.81,2301.349638,2340.06078,2232.9585960000004,0.027137287831555536,-1.1135,"[{'type': 'sl_full', 'contracts': np.float64(0.027137287831555536), 'price': 2340.06078, 'pnl': np.float64(-1.050515402742209), 'comm': np.float64(0.031751451465097176)}]",full_sl
ETHUSDT,2026-04-24T03:35:00+00:00,bearish,2304.74,2304.279052,2340.06078,2241.1625959999997,0.029151995759485513,-1.1108,"[{'type': 'sl_full', 'contracts': np.float64(0.029151995759485513), 'price': 2340.06078, 'pnl': np.float64(-1.043108782923062), 'comm': np.float64(0.03410872096774918)}]",full_sl
ETHUSDT,2026-04-24T03:40:00+00:00,bearish,2305.15,2304.68897,2340.06078,2242.3105960000007,0.029255725416425148,-1.1028,"[{'type': 'sl_full', 'contracts': np.float64(0.029255725416425148), 'price': 2340.06078, 'pnl': np.float64(-1.0348279608419506), 'comm': np.float64(0.034230087818712826)}]",full_sl
ETHUSDT,2026-05-06T01:10:00+00:00,bullish,2368.86,2369.333772,2350.29,2402.2860000000005,0.1091081759110896,1.8976,"['be_50%@45030', {'type': 'tp1', 'contracts': np.float64(0.06546490554665375), 'price': np.float64(2402.2860000000005), 'pnl': np.float64(2.1572144935718356), 'comm': np.float64(0.07863271304302435)}, {'type': 'sl_rem', 'contracts': np.float64(0.04364327036443584), 'price': np.float64(2369.333772), 'pnl': np.float64(0.0), 'comm': np.float64(0.05170273719749229)}]",tp1_partial_then_sl
ETHUSDT,2026-05-06T01:15:00+00:00,bullish,2372.54,2373.014508,2350.29,2412.59,0.09234171504152879,1.9725,"['be_50%@45035', {'type': 'tp1', 'contracts': np.float64(0.05540502902491727), 'price': np.float64(2412.59), 'pnl': np.float64(2.192681282935403), 'comm': np.float64(0.06683480948761258)}, {'type': 'sl_rem', 'contracts': np.float64(0.036936686016611514), 'price': np.float64(2373.0145079999998), 'pnl': np.float64(0.0), 'comm': np.float64(0.043825645897429925)}]",tp1_partial_then_sl
ETHUSDT,2026-05-06T01:20:00+00:00,bullish,2374.12,2374.594824,2350.29,2417.0139999999997,0.08746076417818396,2.0172,"['be_50%@45035', {'type': 'tp1', 'contracts': np.float64(0.05247645850691038), 'price': np.float64(2417.0139999999997), 'pnl': np.float64(2.2260081292613223), 'comm': np.float64(0.06341816744081073)}, {'type': 'sl_rem', 'contracts': np.float64(0.034984305671273586), 'price': np.float64(2374.594824), 'pnl': np.float64(0.0), 'comm': np.float64(0.04153677558412005)}]",tp1_partial_then_sl
ETHUSDT,2026-05-06T01:30:00+00:00,bullish,2372.98,2373.454596,2350.29,2413.822,0.09318854909983489,2.0348,"['be_50%@45035', {'type': 'tp1', 'contracts': np.float64(0.05591312945990093), 'price': np.float64(2413.822), 'pnl': np.float64(2.257067885812127), 'comm': np.float64(0.0674821709895785)}, {'type': 'sl_rem', 'contracts': np.float64(0.03727541963993396), 'price': np.float64(2373.454596), 'pnl': np.float64(0.0), 'comm': np.float64(0.044235758031114965)}]",tp1_partial_then_sl
ETHUSDT,2026-05-06T01:35:00+00:00,bullish,2371.02,2371.494204,2350.29,2408.334,0.10347176013029241,2.0406,"['be_50%@45034', {'type': 'tp1', 'contracts': np.float64(0.06208305607817544), 'price': np.float64(2408.334), 'pnl': np.float64(2.287127120976528), 'comm': np.float64(0.07475836738848829)}, {'type': 'sl_rem', 'contracts': np.float64(0.04138870405211697), 'price': np.float64(2371.494204), 'pnl': np.float64(0.0), 'comm': np.float64(0.04907653588533336)}]",tp1_partial_then_sl
ETHUSDT,2026-05-06T01:45:00+00:00,bullish,2372.51,2372.984502,2350.29,2412.5060000000008,0.09791082811299637,2.0882,"['be_50%@45035', {'type': 'tp1', 'contracts': np.float64(0.058746496867797815), 'price': np.float64(2412.5060000000008), 'pnl': np.float64(2.321749558467708), 'comm': np.float64(0.07086313808627175)}, {'type': 'sl_rem', 'contracts': np.float64(0.03916433124519855), 'price': np.float64(2372.9845020000002), 'pnl': np.float64(0.0), 'comm': np.float64(0.04646817553802527)}]",tp1_partial_then_sl
ETHUSDT,2026-05-06T01:50:00+00:00,bullish,2374.52,2374.994904,2350.29,2418.134,0.0910813998250424,2.14,"['be_50%@45042', {'type': 'tp1', 'contracts': np.float64(0.05464883989502544), 'price': np.float64(2418.134), 'pnl': np.float64(2.357501550520126), 'comm': np.float64(0.06607410890535872)}, {'type': 'sl_rem', 'contracts': np.float64(0.03643255993001696), 'price': np.float64(2374.994904), 'pnl': np.float64(0.0), 'comm': np.float64(0.04326357208673245)}]",tp1_partial_then_sl
ETHUSDT,2026-05-06T01:55:00+00:00,bullish,2373.19,2373.664638,2350.29,2414.4100000000003,0.09777303021180954,2.157,"['be_50%@45035', {'type': 'tp1', 'contracts': np.float64(0.05866381812708572), 'price': np.float64(2414.4100000000003), 'pnl': np.float64(2.3902785058902767), 'comm': np.float64(0.07081925456210852)}, {'type': 'sl_rem', 'contracts': np.float64(0.039109212084723816), 'price': np.float64(2373.664638), 'pnl': np.float64(0.0), 'comm': np.float64(0.046416076872775595)}]",tp1_partial_then_sl
ETHUSDT,2026-05-17T20:15:00+00:00,bearish,2188.06,2187.622388,2198.06736,2170.0467519999997,0.22696869469915493,5.091,"['be_50%@48364', {'type': 'tp1', 'contracts': np.float64(0.13618121681949294), 'price': np.float64(2170.0467519999997), 'pnl': np.float64(2.39347149685649), 'comm': np.float64(0.1477598036212742)}, {'type': 'tp2', 'contracts': np.float64(0.09078747787966197), 'price': np.float64(2152.4711159999997), 'pnl': np.float64(3.191295329141987), 'comm': np.float64(0.09770871191523066)}]",tp2_reached
ETHUSDT,2026-05-17T20:25:00+00:00,bearish,2188.92,2188.482216,2198.06736,2172.454752,0.2566557998982496,5.2002,"['be_50%@48362', {'type': 'tp1', 'contracts': np.float64(0.15399347993894977), 'price': np.float64(2172.454752), 'pnl': np.float64(2.468124955956276), 'comm': np.float64(0.16727193363519405)}, {'type': 'tp2', 'contracts': np.float64(0.10266231995929985), 'price': np.float64(2156.427288), 'pnl': np.float64(3.290833274608368), 'comm': np.float64(0.11069191410481062)}]",tp2_reached
ETHUSDT,2026-05-22T04:30:00+00:00,bearish,2137.86,2137.432428,2145.67278,2123.7969960000005,0.31048170607605163,1.8778,"['be_50%@49603', {'type': 'tp1', 'contracts': np.float64(0.18628902364563096), 'price': np.float64(2123.7969960000005), 'pnl': np.float64(2.5401313142663153), 'comm': np.float64(0.19782003440318208)}, {'type': 'sl_rem', 'contracts': np.float64(0.12419268243042066), 'price': np.float64(2137.432428), 'pnl': np.float64(0.0), 'comm': np.float64(0.1327267333735435)}]",tp1_partial_then_sl
ETHUSDT,2026-05-22T04:35:00+00:00,bearish,2134.95,2134.52301,2145.67278,2115.648996,0.22884846833494663,-0.4885,"['be_50%@49619', {'type': 'sl_full', 'contracts': np.float64(0.22884846833494663), 'price': np.float64(2134.52301), 'pnl': np.float64(0.0), 'comm': np.float64(0.24424116073209995)}]",full_sl
ETHUSDT,2026-05-22T04:40:00+00:00,bearish,2134.48,2134.053104,2145.67278,2114.332996,0.21858417162408983,-0.4665,"['be_50%@49619', {'type': 'sl_full', 'contracts': np.float64(0.21858417162408983), 'price': np.float64(2134.053104), 'pnl': np.float64(0.0), 'comm': np.float64(0.23323511496982882)}]",full_sl
ETHUSDT,2026-05-22T04:45:00+00:00,bearish,2132.82,2132.393436,2145.67278,2109.684996000001,0.18980854655736806,-0.4047,"['be_50%@49639', {'type': 'sl_full', 'contracts': np.float64(0.18980854655736806), 'price': np.float64(2132.3934360000003), 'pnl': np.float64(0.0), 'comm': np.float64(0.20237324938781606)}]",full_sl
ETHUSDT,2026-05-22T04:50:00+00:00,bearish,2133.76,2133.333248,2145.67278,2112.316996000001,0.20427610461537862,-0.4358,"['be_50%@49620', {'type': 'sl_full', 'contracts': np.float64(0.20427610461537862), 'price': np.float64(2133.3332480000004), 'pnl': np.float64(0.0), 'comm': np.float64(0.21789450287395679)}]",full_sl
ETHUSDT,2026-05-22T04:55:00+00:00,bearish,2134.0,2133.5732,2145.67278,2112.988996,0.20791614837714126,-0.4436,"['be_50%@49620', {'type': 'sl_full', 'contracts': np.float64(0.20791614837714126), 'price': np.float64(2133.5732000000003), 'pnl': np.float64(0.0), 'comm': np.float64(0.22180216101234607)}]",full_sl
ETHUSDT,2026-05-22T05:30:00+00:00,bearish,2131.36,2130.933728,2145.62268,2105.6871760000004,0.16969499376157643,5.6393,"['be_50%@49708', {'type': 'tp1', 'contracts': np.float64(0.10181699625694586), 'price': np.float64(2105.6871760000004), 'pnl': np.float64(2.5705280904847494), 'comm': np.float64(0.10719737165854547)}, {'type': 'tp2', 'contracts': np.float64(0.06787799750463057), 'price': np.float64(2080.4406240000008), 'pnl': np.float64(3.427370787312999), 'comm': np.float64(0.07060807174220206)}]",tp2_reached
ETHUSDT,2026-05-22T05:35:00+00:00,bearish,2131.12,2130.693776,2145.62268,2105.015176,0.1727194373210111,5.8444,"['be_50%@49708', {'type': 'tp1', 'contracts': np.float64(0.10363166239260667), 'price': np.float64(2105.015176), 'pnl': np.float64(2.661116005914809), 'comm': np.float64(0.10907311102527276)}, {'type': 'tp2', 'contracts': np.float64(0.06908777492840444), 'price': np.float64(2079.3365759999997), 'pnl': np.float64(3.5481546745530785), 'comm': np.float64(0.07182836868154355)}]",tp2_reached
ETHUSDT,2026-05-22T05:45:00+00:00,bearish,2133.17,2132.743366,2145.62268,2110.755176,0.20819294927135584,-0.444,"['be_50%@49639', {'type': 'sl_full', 'contracts': np.float64(0.20819294927135584), 'price': np.float64(2132.743366), 'pnl': np.float64(0.0), 'comm': np.float64(0.22201106570322937)}]",full_sl
ETHUSDT,2026-05-22T05:50:00+00:00,bearish,2132.42,2131.993516,2145.62268,2108.655176,0.19586173743219776,-0.4176,"['be_50%@49639', {'type': 'sl_full', 'contracts': np.float64(0.19586173743219776), 'price': np.float64(2131.993516), 'pnl': np.float64(0.0), 'comm': np.float64(0.20878797711897004)}]",full_sl
ETHUSDT,2026-05-22T05:55:00+00:00,bearish,2129.21,2128.784158,2145.62268,2099.6671760000004,0.15717336865446407,-0.3346,"['be_50%@49708', {'type': 'sl_full', 'contracts': np.float64(0.15717336865446407), 'price': np.float64(2128.784158), 'pnl': np.float64(0.0), 'comm': np.float64(0.16729408862555845)}]",full_sl
ETHUSDT,2026-05-24T15:30:00+00:00,bearish,2096.2,2095.78076,2125.11174,2044.1588679999998,0.08905093161424969,-0.1866,"['be_50%@50371', {'type': 'sl_full', 'contracts': np.float64(0.08905093161424969), 'price': np.float64(2095.7807599999996), 'pnl': np.float64(0.0), 'comm': np.float64(0.09331561456861011)}]",full_sl
ETHUSDT,2026-05-24T15:35:00+00:00,bearish,2096.0,2095.5808,2125.11174,2043.5988680000003,0.08834298166828658,-0.1851,"['be_50%@50371', {'type': 'sl_full', 'contracts': np.float64(0.08834298166828658), 'price': np.float64(2095.5808), 'pnl': np.float64(0.0), 'comm': np.float64(0.09256492809940667)}]",full_sl
ETHUSDT,2026-05-24T15:40:00+00:00,bearish,2095.89,2095.470822,2125.11174,2043.290868,0.08791540015443747,-0.1842,"['be_50%@50371', {'type': 'sl_full', 'contracts': np.float64(0.08791540015443747), 'price': np.float64(2095.4708219999998), 'pnl': np.float64(0.0), 'comm': np.float64(0.092112077914039)}]",full_sl
ETHUSDT,2026-05-24T15:45:00+00:00,bearish,2097.51,2097.090498,2124.8612399999997,2048.2777680000013,0.09382673703172334,-0.1968,"['be_50%@50371', {'type': 'sl_full', 'contracts': np.float64(0.09382673703172334), 'price': np.float64(2097.0904980000005), 'pnl': np.float64(0.0), 'comm': np.float64(0.09838157934378589)}]",full_sl
ETHUSDT,2026-05-24T15:50:00+00:00,bearish,2096.6,2096.18068,2124.8612399999997,2045.7297680000001,0.09070112123853058,-0.1901,"['be_50%@50371', {'type': 'sl_full', 'contracts': np.float64(0.09070112123853058), 'price': np.float64(2096.18068), 'pnl': np.float64(0.0), 'comm': np.float64(0.09506296899727273)}]",full_sl
ETHUSDT,2026-05-24T15:55:00+00:00,bearish,2095.84,2095.420832,2124.8612399999997,2043.601768000001,0.08822759697798276,-0.1849,"['be_50%@50371', {'type': 'sl_full', 'contracts': np.float64(0.08822759697798276), 'price': np.float64(2095.4208320000002), 'pnl': np.float64(0.0), 'comm': np.float64(0.09243697233248267)}]",full_sl
