symbol,entry_time,direction,entry,sl_original,tp1,tp2,exit_price,pnl,contracts,close_type,tp1_hit,tp2_hit,half_tp1_hit
BTCUSDT,2026-05-16T20:30:00+00:00,bearish,78240.01,78484.4055,77873.41675,77506.8235,78240.01,1.3499999999999732,0.006137592549781023,TP1_partial_then_BE,True,False,True
BTCUSDT,2026-05-16T20:35:00+00:00,bearish,78234.85,78484.4055,77860.51675000002,77486.18350000004,78234.85,1.3682249999999994,0.006091831276009043,TP1_partial_then_BE,True,False,True
BTCUSDT,2026-05-16T20:40:00+00:00,bearish,78223.41,78484.4055,77831.91675000002,77440.42350000003,78223.41,1.3866960374999997,0.005903448047955075,TP1_partial_then_BE,True,False,True
BTCUSDT,2026-05-16T22:00:00+00:00,bearish,78207.11,78475.57788,77804.40818,77401.70636000001,78207.11,1.4054164340062751,0.005816613203644771,TP1_partial_then_BE,True,False,True
BTCUSDT,2026-05-16T22:05:00+00:00,bearish,78178.01,78475.57788,77731.65818,77285.30635999999,78178.01,1.4243895558653112,0.0053186354053824,TP1_partial_then_BE,True,False,True
BTCUSDT,2026-05-16T22:45:00+00:00,bearish,78220.42,78464.94666,77853.63001,77486.84001999999,78220.42,1.443618814869516,0.006559697439169015,TP1_partial_then_BE,True,False,True
BTCUSDT,2026-05-16T22:50:00+00:00,bearish,78213.27,78464.94666,77835.75501000001,77458.24002000001,78213.27,1.4631076688702545,0.006459380014156391,TP1_partial_then_BE,True,False,True
BTCUSDT,2026-05-16T22:55:00+00:00,bearish,78186.25,78464.94666,77768.20501,77350.16002,78186.25,1.4828596223999768,0.005911882125414281,TP1_partial_then_BE,True,False,True
BTCUSDT,2026-05-16T23:00:00+00:00,bearish,78156.68,78464.94666,77694.28000999999,77231.88001999997,78156.68,0.0,0.005416948744968475,BE_after_50%,False,False,True
BTCUSDT,2026-05-16T23:10:00+00:00,bearish,78184.0,78464.94666,77762.58001,77341.16002,78184.0,1.5028782273023764,0.005943707239668416,TP1_partial_then_BE,True,False,True
BTCUSDT,2026-05-16T23:45:00+00:00,bearish,78194.0,78456.6,77800.09999999999,77406.19999999998,78194.0,1.5231670833709845,0.006444812910937424,TP1_partial_then_BE,True,False,True
BTCUSDT,2026-05-16T23:50:00+00:00,bearish,78153.7,78456.6,77699.34999999998,77244.99999999997,78153.7,0.0,0.005662777737414065,BE_after_50%,False,False,True
BTCUSDT,2026-05-16T23:55:00+00:00,bearish,78148.05,78456.6,77685.225,77222.4,78148.05,0.0,0.005559084027427495,BE_after_50%,False,False,True
BTCUSDT,2026-05-19T00:45:00+00:00,bearish,77229.25,77569.44924,76718.95113999999,76208.65228,77229.25,1.5437298389965146,0.005041914193173274,TP1_partial_then_BE,True,False,True
BTCUSDT,2026-05-19T00:50:00+00:00,bearish,77195.02,77569.44924,76633.37614000001,76071.73228000001,77195.02,1.5645701918229453,0.004642830042460701,TP1_partial_then_BE,True,False,True
BTCUSDT,2026-05-19T00:55:00+00:00,bearish,77140.87,77569.44924,76498.00113999998,75855.13227999998,77140.87,1.5856918894125733,0.004110978117197266,TP1_partial_then_BE,True,False,True
BTCUSDT,2026-05-19T02:45:00+00:00,bearish,76763.33,77466.8745,75708.01324999999,74652.69649999999,76763.33,0.0,0.002538098521793918,BE_after_50%,False,False,True
BTCUSDT,2026-05-19T02:50:00+00:00,bearish,76629.52,77466.8745,75373.48825,74117.4565,77466.8745,-1.7856652554662502,0.0021325081019642786,SL,False,False,False
BTCUSDT,2026-05-19T02:55:00+00:00,bearish,76617.47,77466.8745,75343.36325,74069.25649999999,77466.8745,-1.7588802766342562,0.0020707216369047344,SL,False,False,False
BTCUSDT,2026-05-19T07:30:00+00:00,bullish,77169.0,76491.69004,78184.96494,79200.92988,76491.69004,-0.8662485362423713,0.001278954374511742,SL,False,False,False
BTCUSDT,2026-05-19T07:35:00+00:00,bullish,77198.43,76491.69004,78258.53993999999,79318.64987999997,76491.69004,-0.8597516722205535,0.001216503552764391,SL,False,False,False
BTCUSDT,2026-05-19T07:40:00+00:00,bullish,77260.49,76491.69004,78413.68994000001,79566.88988000002,76491.69004,-0.8533035346788994,0.0011099162058734954,SL,False,False,False
BTCUSDT,2026-05-29T01:30:00+00:00,bearish,73583.14,74016.06666,72933.75001,72284.36002000001,73583.14,0.0,0.003912458328017095,BE_after_50%,False,False,True
BTCUSDT,2026-05-29T01:35:00+00:00,bearish,73500.0,74016.06666,72725.90001000001,71951.80002000001,73500.0,1.5244267647038392,0.0032821486982662776,TP1_partial_then_BE,True,False,True
BTCUSDT,2026-05-29T01:40:00+00:00,bearish,73526.01,74016.06666,72790.92500999999,72055.84001999999,73526.01,1.5450065260273553,0.0035030110963254037,TP1_partial_then_BE,True,False,True
BTCUSDT,2026-05-29T03:30:00+00:00,bearish,73427.75,73947.6,72647.97499999999,71868.19999999998,73427.75,1.5658641141287246,0.0033468289231481456,TP1_partial_then_BE,True,False,True
BTCUSDT,2026-05-29T03:35:00+00:00,bearish,73321.06,73947.6,72381.24999999999,71441.43999999997,73321.06,0.0,0.002814404471239651,BE_after_50%,False,False,True
BTCUSDT,2026-05-29T03:40:00+00:00,bearish,73365.51,73947.6,72492.37499999997,71619.23999999996,73365.51,0.0,0.003029320169407618,BE_after_50%,False,False,True
BTCUSDT,2026-05-29T03:45:00+00:00,bearish,73346.84,73793.97335999999,72676.13996,72005.43992000002,73793.97335999999,-1.7633369774105137,0.003943648886789711,SL,False,False,False
BTCUSDT,2026-05-29T03:50:00+00:00,bearish,73315.42,73793.97335999999,72597.58996000001,71879.75992000003,73793.97335999999,-1.7368869227493562,0.003629452988793955,SL,False,False,False
BTCUSDT,2026-05-29T03:55:00+00:00,bearish,73301.52,73793.97335999999,72562.83996000003,71824.15992000005,73793.97335999999,-1.7108336189081157,0.003474102844801725,SL,False,False,False
ETHUSDT,2026-05-06T01:10:00+00:00,bullish,2368.86,2350.29,2402.2860000000005,2435.712000000001,2368.86,1.8199848037944586,0.09074696363082818,TP1_partial_then_BE,True,False,True
ETHUSDT,2026-05-06T01:15:00+00:00,bullish,2372.54,2350.29,2412.59,2452.64,2372.54,1.849468557615932,0.07696498367107464,TP1_partial_then_BE,True,False,True
ETHUSDT,2026-05-06T01:20:00+00:00,bullish,2374.12,2350.29,2417.0139999999997,2459.9079999999994,2374.12,1.879429948249298,0.07302613995155918,TP1_partial_then_BE,True,False,True
ETHUSDT,2026-05-06T01:30:00+00:00,bullish,2372.98,2350.29,2413.822,2454.664,2372.98,1.2732511422739603,0.05195840647184913,TP1_partial_then_BE,True,False,True
ETHUSDT,2026-05-06T01:35:00+00:00,bullish,2371.02,2350.29,2408.334,2445.648,2371.02,1.2870022546105127,0.057485226930487125,TP1_partial_then_BE,True,False,True
ETHUSDT,2026-05-06T01:45:00+00:00,bullish,2372.51,2350.29,2412.5060000000008,2452.5020000000013,2372.51,1.3009018789603157,0.05420966592327141,TP1_partial_then_BE,True,False,True
ETHUSDT,2026-05-06T01:50:00+00:00,bullish,2374.52,2350.29,2418.134,2461.748,2374.52,1.3149516192530843,0.050249599488431974,TP1_partial_then_BE,True,False,True
ETHUSDT,2026-05-06T01:55:00+00:00,bullish,2373.19,2350.29,2414.4100000000003,2455.6300000000006,2373.19,1.3291530967410203,0.053742240689835526,TP1_partial_then_BE,True,False,True
ETHUSDT,2026-05-17T20:15:00+00:00,bearish,2188.06,2198.06736,2170.0467519999997,2152.0335039999995,2152.0335039999995,4.702277825650395,0.18646109105168207,TP1_partial_then_TP2,True,True,True
ETHUSDT,2026-05-17T20:25:00+00:00,bearish,2188.92,2198.06736,2172.454752,2155.989504,2155.989504,4.880023927459984,0.21170233067592645,TP1_partial_then_TP2,True,True,True
ETHUSDT,2026-05-22T04:30:00+00:00,bearish,2137.86,2145.67278,2123.7969960000005,2109.733992000001,2137.86,2.170495213679132,0.257234657886654,TP1_partial_then_BE,True,False,True
ETHUSDT,2026-05-22T04:35:00+00:00,bearish,2134.95,2145.67278,2115.648996,2096.3479919999995,2134.95,0.0,0.19046135597753608,BE_after_50%,False,False,True
ETHUSDT,2026-05-22T04:40:00+00:00,bearish,2134.48,2145.67278,2114.332996,2094.1859920000006,2134.48,0.0,0.18246362553796652,BE_after_50%,False,False,True
ETHUSDT,2026-05-22T04:45:00+00:00,bearish,2132.82,2145.67278,2109.684996000001,2086.549992000001,2132.82,0.0,0.1588975473515349,BE_after_50%,False,False,True
ETHUSDT,2026-05-22T04:50:00+00:00,bearish,2133.76,2145.67278,2112.316996000001,2090.8739920000016,2133.76,0.0,0.1714356530254797,BE_after_50%,False,False,True
ETHUSDT,2026-05-22T04:55:00+00:00,bearish,2134.0,2145.67278,2112.988996,2091.9779920000005,2134.0,0.0,0.17496048230574351,BE_after_50%,False,False,True
ETHUSDT,2026-05-22T05:30:00+00:00,bearish,2131.36,2145.62268,2105.6871760000004,2080.0143520000006,2080.0143520000006,5.1465335509950325,0.14319014509537065,TP1_partial_then_TP2,True,True,True
ETHUSDT,2026-05-22T05:35:00+00:00,bearish,2131.12,2145.62268,2105.015176,2078.910352,2078.910352,5.3410725192226085,0.1461435556678995,TP1_partial_then_TP2,True,True,True
ETHUSDT,2026-05-22T05:45:00+00:00,bearish,2133.17,2145.62268,2110.755176,2088.3403520000006,2133.17,0.0,0.1766358173262384,BE_after_50%,False,False,True
ETHUSDT,2026-05-22T05:50:00+00:00,bearish,2132.42,2145.62268,2108.655176,2084.8903520000003,2132.42,0.0,0.1666017285658746,BE_after_50%,False,False,True
ETHUSDT,2026-05-22T05:55:00+00:00,bearish,2129.21,2145.62268,2099.6671760000004,2070.1243520000003,2129.21,0.0,0.13401768082373458,BE_after_50%,False,False,True
ETHUSDT,2026-05-24T15:30:00+00:00,bearish,2096.2,2125.11174,2044.1588679999998,1992.1177359999997,2096.2,0.0,0.07607945110540146,BE_after_50%,False,False,True
ETHUSDT,2026-05-24T15:35:00+00:00,bearish,2096.0,2125.11174,2043.5988680000003,1991.1977360000005,2096.0,0.0,0.07555677914484304,BE_after_50%,False,False,True
ETHUSDT,2026-05-24T15:40:00+00:00,bearish,2095.89,2125.11174,2043.290868,1990.691736,2095.89,0.0,0.07527235919907861,BE_after_50%,False,False,True
ETHUSDT,2026-05-24T15:45:00+00:00,bearish,2097.51,2124.8612399999997,2048.2777680000013,1999.045536000002,2097.51,0.0,0.08042009465392136,BE_after_50%,False,False,True
ETHUSDT,2026-05-24T15:50:00+00:00,bearish,2096.6,2124.8612399999997,2045.7297680000001,1994.8595360000006,2096.6,0.0,0.07783060154834304,BE_after_50%,False,False,True
ETHUSDT,2026-05-24T15:55:00+00:00,bearish,2095.84,2124.8612399999997,2043.601768000001,1991.3635360000017,2095.84,0.0,0.07579239583498541,BE_after_50%,False,False,True
SOLUSDT,2026-05-17T20:15:00+00:00,bearish,86.67,87.11388,85.78224000000002,84.89448000000003,84.89448000000003,6.158850067165825,4.955369265797322,TP1_partial_then_TP2,True,True,True
SOLUSDT,2026-05-17T20:20:00+00:00,bearish,86.66,87.11388,85.75224,84.84448,84.84448,6.41752176998679,5.049731340243186,TP1_partial_then_TP2,True,True,True
SOLUSDT,2026-05-17T20:25:00+00:00,bearish,86.67,87.11388,85.78224000000002,84.89448000000003,84.89448000000003,6.687057684326236,5.380361555509164,TP1_partial_then_TP2,True,True,True
SOLUSDT,2026-05-23T07:00:00+00:00,bearish,84.23,84.65898,83.37204000000001,82.51408000000002,82.51408000000002,6.967914107067935,5.801064740837073,TP1_partial_then_TP2,True,True,True
SOLUSDT,2026-05-23T07:10:00+00:00,bearish,84.25,84.65898,83.43204,82.61408,82.61408,7.26056649956479,6.340308729351763,TP1_partial_then_TP2,True,True,True
SOLUSDT,2026-05-23T07:15:00+00:00,bearish,84.14,84.65898,83.10204,82.06408,82.06408,7.565510292546511,5.206304600608421,TP1_partial_then_TP2,True,True,True
SOLUSDT,2026-05-23T07:25:00+00:00,bearish,84.12,84.65898,83.04204000000001,81.96408000000002,81.96408000000002,7.8832617248334635,5.223664358625509,TP1_partial_then_TP2,True,True,True
SOLUSDT,2026-05-23T07:35:00+00:00,bearish,84.02,84.65898,82.74203999999999,81.46407999999998,84.02,3.5204394502613443,4.5912227955248,TP1_partial_then_BE,True,False,True
SOLUSDT,2026-05-23T07:40:00+00:00,bearish,83.9,84.65898,82.38204000000002,80.86408000000003,83.9,3.583807360366048,3.9348943761869837,TP1_partial_then_BE,True,False,True
SOLUSDT,2026-05-23T07:45:00+00:00,bearish,82.47,83.95446,79.50108,76.53216,83.95446,-3.0402632440438615,2.0480600649689884,SL,False,False,False
SOLUSDT,2026-05-23T07:50:00+00:00,bearish,81.97,83.44546,79.01908,76.06816,83.44546,-2.9946592953832027,2.029644514512902,SL,False,False,False
SOLUSDT,2026-05-27T06:30:00+00:00,bullish,83.89,82.69428,86.28143999999999,88.67287999999998,82.69428,-2.9497394059524584,2.4669148345369085,SL,False,False,False
SOLUSDT,2026-05-27T06:35:00+00:00,bullish,83.91,82.69428,86.34143999999998,88.77287999999996,82.69428,-2.905493314863171,2.389936263994336,SL,False,False,False
SOLUSDT,2026-05-27T06:40:00+00:00,bullish,84.04,82.69428,86.73144,89.42288,82.69428,-2.8619109151402236,2.126676362943423,SL,False,False,False
SOLUSDT,2026-05-27T06:45:00+00:00,bullish,84.01,82.69428,86.64144,89.27288,82.69428,-2.81898225141312,2.1425396371668155,SL,False,False,False
SOLUSDT,2026-05-27T06:50:00+00:00,bullish,84.02,82.69428,86.67143999999998,89.32287999999996,82.69428,-2.7766975176419235,2.0944826340720097,SL,False,False,False
SOLUSDT,2026-05-27T06:55:00+00:00,bullish,84.06,82.69428,86.79144,89.52287999999999,82.69428,-2.735047054877295,2.00264113791795,SL,False,False,False
XRPUSDT,2026-05-16T20:30:00+00:00,bearish,1.4162,1.4219382,1.4058712399999997,1.3955424799999994,1.4162,1.45477152848922,234.74446246680753,TP1_partial_then_BE,True,False,True
XRPUSDT,2026-05-16T20:35:00+00:00,bearish,1.4157,1.4219382,1.40447124,1.3932424799999996,1.4157,1.4665551778699841,217.6784105977235,TP1_partial_then_BE,True,False,True
XRPUSDT,2026-05-16T20:40:00+00:00,bearish,1.4156,1.4219382,1.4041912399999998,1.3927824799999997,1.4156,1.4784342748107426,215.97939869753975,TP1_partial_then_BE,True,False,True
XRPUSDT,2026-05-16T21:30:00+00:00,bearish,1.4146,1.4219382,1.4013912400000001,1.3881824800000002,1.4146,0.0,188.0582270701057,BE_after_50%,False,False,True
XRPUSDT,2026-05-16T21:35:00+00:00,bearish,1.4152,1.4219382,1.40307124,1.3909424799999999,1.4152,1.4904095924366987,204.8037876414824,TP1_partial_then_BE,True,False,True
XRPUSDT,2026-05-16T21:40:00+00:00,bearish,1.4147,1.4219382,1.4016712400000002,1.3886424800000001,1.4147,0.0,192.2006788744609,BE_after_50%,False,False,True
XRPUSDT,2026-05-16T23:00:00+00:00,bearish,1.4132,1.4197338000000002,1.4014391599999998,1.3896783199999996,1.4132,0.0,425.84313992748065,BE_after_50%,False,False,True
XRPUSDT,2026-05-16T23:05:00+00:00,bearish,1.4137,1.4197338000000002,1.4028391599999996,1.3919783199999993,1.4137,0.0,461.13127840799206,BE_after_50%,False,False,True
XRPUSDT,2026-05-16T23:10:00+00:00,bearish,1.4135,1.4197338000000002,1.4022791599999997,1.3910583199999993,1.4135,0.0,446.3367300295414,BE_after_50%,False,False,True
XRPUSDT,2026-05-19T01:00:00+00:00,bearish,1.3914,1.4004953999999998,1.3750282800000002,1.3586565600000005,1.3586565600000005,4.674388164865835,203.94000686488235,TP1_partial_then_TP2,True,True,True
XRPUSDT,2026-05-19T01:05:00+00:00,bearish,1.3917,1.4004953999999998,1.3758682800000002,1.3600365600000004,1.3600365600000004,4.7921827466204405,216.21072607129906,TP1_partial_then_TP2,True,True,True
XRPUSDT,2026-05-19T01:10:00+00:00,bearish,1.3915,1.4004953999999998,1.3753082800000003,1.3591165600000004,1.3591165600000004,4.912945751835282,216.73095666159517,TP1_partial_then_TP2,True,True,True
XRPUSDT,2026-05-19T01:15:00+00:00,bearish,1.3895,1.4004953999999998,1.3697082800000002,1.3499165600000005,1.3895,0.0,272.6655380984859,BE_after_50%,False,False,True
XRPUSDT,2026-05-19T01:20:00+00:00,bearish,1.3872,1.4004953999999998,1.3632682800000002,1.3393365600000005,1.3393365600000005,7.5551279771723205,225.49653696828173,TP1_partial_then_TP2,True,True,True
XRPUSDT,2026-05-19T01:25:00+00:00,bearish,1.3855,1.4004953999999998,1.3585082800000001,1.3315165600000003,1.3855,3.3603050634469,207.4898687107825,TP1_partial_then_BE,True,False,True
XRPUSDT,2026-05-20T12:45:00+00:00,bullish,1.3725,1.361272,1.3927104000000001,1.4129208000000002,1.361272,-1.5808990766086735,140.79970400860984,SL,False,False,False
XRPUSDT,2026-05-20T12:50:00+00:00,bullish,1.3734,1.361272,1.3952303999999998,1.4170607999999996,1.361272,-1.5690423335341084,129.37354333229874,SL,False,False,False
XRPUSDT,2026-05-20T12:55:00+00:00,bullish,1.3734,1.361272,1.3952303999999998,1.4170607999999996,1.361272,-1.5572745160326025,128.4032417573065,SL,False,False,False
XRPUSDT,2026-05-24T13:00:00+00:00,bearish,1.3628,1.3725395999999999,1.3452687200000002,1.3277374400000006,1.3628,3.3384851074707105,317.38366199071464,TP1_partial_then_BE,True,False,True
XRPUSDT,2026-05-24T13:05:00+00:00,bearish,1.3624,1.3725395999999999,1.3441487200000004,1.3258974400000008,1.3624,3.39256856621172,309.80188478212534,TP1_partial_then_BE,True,False,True
XRPUSDT,2026-05-24T13:10:00+00:00,bearish,1.3625,1.3725395999999999,1.3444287200000005,1.3263574400000007,1.3625,3.447528176984332,317.9564643441981,TP1_partial_then_BE,True,False,True
XRPUSDT,2026-05-24T13:15:00+00:00,bearish,1.3631,1.3725395999999999,1.3461087200000001,1.3291174400000003,1.3631,3.5033781334515037,343.64471397990997,TP1_partial_then_BE,True,False,True
XRPUSDT,2026-05-24T13:20:00+00:00,bearish,1.3628,1.3725395999999999,1.3452687200000002,1.3277374400000006,1.3628,3.560132859213427,338.4553076190543,TP1_partial_then_BE,True,False,True
XRPUSDT,2026-05-24T13:25:00+00:00,bearish,1.3611,1.3725395999999999,1.34050872,1.3199174400000004,1.3611,3.6178070115326824,292.8267865113051,TP1_partial_then_BE,True,False,True
XRPUSDT,2026-05-25T16:10:00+00:00,bearish,1.3574,1.3684314,1.33754348,1.3176869599999999,1.3574,2.4509436567463307,205.72114824637998,TP1_partial_then_BE,True,False,True
XRPUSDT,2026-05-25T18:40:00+00:00,bearish,1.3601,1.3667280000000002,1.3481695999999999,1.3362391999999998,1.3362391999999998,4.335474234418594,259.5694453076974,TP1_partial_then_TP2,True,True,True
XRPUSDT,2026-05-25T18:45:00+00:00,bearish,1.3596,1.3667280000000002,1.3467695999999996,1.333939199999999,1.3596,2.524236969970894,327.8979312116568,TP1_partial_then_BE,True,False,True
XRPUSDT,2026-05-25T18:50:00+00:00,bearish,1.359,1.3667280000000002,1.3450895999999997,1.3311791999999993,1.359,2.5514987292465974,305.706369484527,TP1_partial_then_BE,True,False,True
XRPUSDT,2026-05-25T18:55:00+00:00,bearish,1.3587,1.3667280000000002,1.3442495999999997,1.3297991999999994,1.3587,2.5790549155224682,297.4606141839688,TP1_partial_then_BE,True,False,True
XRPUSDT,2026-05-25T19:00:00+00:00,bearish,1.3569,1.3667280000000002,1.3392095999999998,1.3215191999999993,1.3569,2.60690870861009,245.60483921694424,TP1_partial_then_BE,True,False,True
XRPUSDT,2026-05-25T19:05:00+00:00,bearish,1.3569,1.3667280000000002,1.3392095999999998,1.3215191999999993,1.3569,2.6350633226630795,248.25737148048728,TP1_partial_then_BE,True,False,True
XRPUSDT,2026-05-31T05:20:00+00:00,bearish,1.3436,1.3494936,1.3329915199999998,1.3223830399999996,1.3436,0.0,313.8435014426936,BE_after_50%,False,False,True
XRPUSDT,2026-05-31T05:30:00+00:00,bearish,1.3449,1.3494936,1.33663152,1.3283630400000002,1.3449,1.9976415049108796,402.66197755631447,TP1_partial_then_BE,True,False,True
XRPUSDT,2026-05-31T05:35:00+00:00,bearish,1.3443,1.3494936,1.3349515200000002,1.3256030400000003,1.3443,2.0138224011006782,359.0284911024223,TP1_partial_then_BE,True,False,True
XRPUSDT,2026-05-31T05:40:00+00:00,bearish,1.3439,1.3494936,1.3338315200000004,1.3237630400000007,1.3439,2.030134362549575,336.05442637975693,TP1_partial_then_BE,True,False,True
XRPUSDT,2026-05-31T05:50:00+00:00,bearish,1.3436,1.3494936,1.3329915199999998,1.3223830399999996,1.3436,0.0,321.5318391334443,BE_after_50%,False,False,True
XRPUSDT,2026-05-31T05:55:00+00:00,bearish,1.3433,1.3494936,1.3321515199999998,1.32100304,1.3433,0.0,305.95777045932545,BE_after_50%,False,False,True
XRPUSDT,2026-05-31T06:00:00+00:00,bearish,1.3416,1.3494936,1.3273915199999997,1.3131830399999997,1.3416,0.0,240.0653753821921,BE_after_50%,False,False,True
XRPUSDT,2026-05-31T06:05:00+00:00,bearish,1.3416,1.3494936,1.3273915199999997,1.3131830399999997,1.3416,0.0,240.0653753821921,BE_after_50%,False,False,True
XRPUSDT,2026-05-31T06:10:00+00:00,bearish,1.3411,1.3494936,1.3259915199999999,1.31088304,1.3411,0.0,225.76487408464598,BE_after_50%,False,False,True
