symbol,entry_time,direction,entry_signal,entry_real,sl_original,tp1,contracts,pnl_neto,exit_events,exit_type,explanation,score,fib_low_key,fib_high_key,fib_width,phase_h1,ci_value,wr_5m,wr_15m,st_aligned,st_bias_bullish,st_bias_bearish,mom_score,mom_direction,vol_ratio_5m,body_ratio_4h,hour_of_day,direction_long
BTCUSDT,2026-04-15T04:00:00+00:00,bearish,74418.47,74396.744449,74897.2956,73700.2316,0.0015663322930102432,0.5341,"['be_50%@7841', {'type': 'tp1', 'contracts': np.float64(0.0009397993758061458), 'price': np.float64(73700.2316), 'pnl': np.float64(0.6545823405968962), 'comm': np.float64(0.03463171582722419)}, {'type': 'sl_rem', 'contracts': np.float64(0.0006265329172040974), 'price': np.float64(74403.586306), 'pnl': np.float64(-0.00428664871481156), 'comm': np.float64(0.023308147989372505)}]",tp1_partial_then_sl,Fib=0.75-1.0 Sig=SHORT Phase=compressing CI=52.222356190259475 WR=-6.151250191744869 ST=bullish Veto=False,95,0.75,1.0,0.03765770314621615,compressing,52.222356190259475,-6.151250191744869,-72.20255477429579,0,1,0,0.4592433691586072,bullish,1.978149779047221,0.6687053915764157,4,0
BTCUSDT,2026-04-15T05:00:00+00:00,bearish,74345.98,74324.472161,74583.37902,73989.88147,0.003176111178230775,1.2525,"['be_50%@7840', {'type': 'tp1', 'contracts': np.float64(0.0019056667069384649), 'price': np.float64(73989.88147), 'pnl': np.float64(0.637618340562481), 'comm': np.float64(0.07050002688385112)}, {'type': 'tp2', 'contracts': np.float64(0.00127044447129231), 'price': np.float64(73655.29077885713), 'pnl': np.float64(0.8501577874166414), 'comm': np.float64(0.046787478475713254)}]",tp2_reached,Fib=0.75-1.0 Sig=SHORT Phase=compressing CI=50.77930257841417 WR=-51.16158113731051 ST=bullish Veto=False,95,0.75,1.0,0.03765770314621615,compressing,50.77930257841417,-51.16158113731051,-94.14510931103555,0,1,0,0.4540426617492771,bullish,1.2172648364349388,0.6687053915764157,5,0
BTCUSDT,2026-04-15T06:00:00+00:00,bearish,73935.99,73911.229588,74583.37902,72964.90647000002,0.0011791968766198821,-0.8919,"[{'type': 'sl_full', 'contracts': np.float64(0.0011791968766198821), 'price': np.float64(74593.3522342857), 'pnl': np.float64(-0.8043568943086985), 'comm': np.float64(0.0439801239856382)}]",full_sl,Fib=0.75-1.0 Sig=SHORT Phase=compressing CI=49.14010583816165 WR=-87.37170827558207 ST=bearish Veto=False,100,0.75,1.0,0.03765770314621615,compressing,49.14010583816165,-87.37170827558207,-87.03067484662485,1,0,1,0.45468940194609603,bullish,1.5034169047272752,0.6687053915764157,6,0
BTCUSDT,2026-04-15T18:00:00+00:00,bullish,74242.54,74269.912651,73585.92322,75227.46516999998,0.0023048748407351084,1.1408,"['be_50%@8010', {'type': 'tp1', 'contracts': np.float64(0.001382924904441065), 'price': np.float64(75227.46516999998), 'pnl': np.float64(1.3242232260329214), 'comm': np.float64(0.05201696754078289)}, {'type': 'sl_rem', 'contracts': np.float64(0.0009219499362940434), 'price': np.float64(74257.38850799999), 'pnl': np.float64(-0.011546632709283453), 'comm': np.float64(0.034230797302156314)}]",tp1_partial_then_sl,Fib=0.75-1.0 Sig=LONG Phase=compressing CI=62.82741893065719 WR=-8.523872477840248 ST=bearish Veto=False,94,0.75,1.0,0.03765770314621615,compressing,62.82741893065719,-8.523872477840248,-3.1655944788059656,0,0,1,0.45429502447069975,bullish,1.7009735178975918,0.7631396934345985,18,0
BTCUSDT,2026-04-25T21:00:00+00:00,bullish,77507.78,77526.635127,77039.40242,78210.34637,0.0032677312548894995,2.873,"['be_50%@11006', {'type': 'tp1', 'contracts': np.float64(0.0019606387529336996), 'price': np.float64(78210.34637), 'pnl': np.float64(1.3405107580019977), 'comm': np.float64(0.07667111798669475)}, {'type': 'tp2', 'contracts': np.float64(0.0013070925019558), 'price': np.float64(78894.05761257143), 'pnl': np.float64(1.7873476773359973), 'comm': np.float64(0.05156091557713051)}]",tp2_reached,Fib=0.75-1.0 Sig=LONG Phase=compressing CI=44.02119031917131 WR=-6.733752620544097 ST=bullish Veto=False,95,0.75,1.0,0.047699207226877385,compressing,44.02119031917131,-6.733752620544097,-8.753457660388582,0,1,0,-0.06429860006623705,neutral,2.5551093318609737,0.8703348576486282,21,0
BTCUSDT,2026-04-28T17:00:00+00:00,bullish,76091.06,76115.555926,75539.67788,76918.13317999999,0.002853967103098924,2.9879,"['be_50%@11818', {'type': 'tp1', 'contracts': np.float64(0.0017123802618593544), 'price': np.float64(76918.13317999999), 'pnl': np.float64(1.3743174478776394), 'comm': np.float64(0.06585654651825054)}, {'type': 'tp2', 'contracts': np.float64(0.0011415868412395697), 'price': np.float64(77720.71043371428), 'pnl': np.float64(1.8324232638368527), 'comm': np.float64(0.044362470161459576)}]",tp2_reached,Fib=0.75-1.0 Sig=LONG Phase=compressing CI=52.361077644099055 WR=-38.178174638258405 ST=bearish Veto=False,95,0.75,1.0,0.04528250897280506,compressing,52.361077644099055,-38.178174638258405,-50.75155679622153,0,0,1,-0.05725978140348542,neutral,1.1109577610637293,0.5296767090381429,17,0
BTCUSDT,2026-04-28T18:00:00+00:00,bullish,76239.03,76262.889235,75729.51744,77003.29884,0.003176457558666627,3.0487,"['be_50%@11830', {'type': 'tp1', 'contracts': np.float64(0.001905874535199976), 'price': np.float64(77003.29884), 'pnl': np.float64(1.4111278126037858), 'comm': np.float64(0.07337931319277494)}, {'type': 'tp2', 'contracts': np.float64(0.001270583023466651), 'price': np.float64(77743.70844542858), 'pnl': np.float64(1.8815037501383816), 'comm': np.float64(0.049389918066051225)}]",tp2_reached,Fib=0.75-1.0 Sig=LONG Phase=compressing CI=54.57908977821477 WR=-7.773898148760026 ST=bearish Veto=False,95,0.75,1.0,0.04528250897280506,compressing,54.57908977821477,-7.773898148760026,-21.82939541348288,0,0,1,-0.05861305220048013,neutral,0.7537833999275386,0.5296767090381429,18,0
BTCUSDT,2026-04-28T19:00:00+00:00,bullish,76168.01,76189.972031,75737.222,76814.192,0.0025753984383465943,-0.2135,"['be_50%@11818', {'type': 'sl_full', 'contracts': np.float64(0.0025753984383465943), 'price': np.float64(76183.24360199999), 'pnl': np.float64(-0.017328384435379124), 'comm': np.float64(0.09810110330038446)}]",full_sl,Fib=0.75-1.0 Sig=LONG Phase=compressing CI=63.03247880654419 WR=-69.8206555349479 ST=bearish Veto=False,85,0.75,1.0,0.04528250897280506,compressing,63.03247880654419,-69.8206555349479,-48.61997347546497,0,0,1,-0.06852129330575472,neutral,0.5136466188124209,0.5296767090381429,19,0
BTCUSDT,2026-04-30T15:00:00+00:00,bullish,76268.88,76301.724776,75941.62238,76759.76643000002,0.002537714820604078,-0.2383,"['be_50%@12282', {'type': 'sl_full', 'contracts': np.float64(0.002537714820604078), 'price': np.float64(76284.133776), 'pnl': np.float64(-0.04464094140924722), 'comm': np.float64(0.09679368843014967)}]",full_sl,Fib=0.75-1.0 Sig=LONG Phase=compressing CI=57.30536644595562 WR=-65.2432003176478 ST=bullish Veto=False,95,0.75,1.0,0.04528250897280506,compressing,57.30536644595562,-65.2432003176478,-30.836854386075984,0,1,0,-0.4813879344263323,bearish,0.6339508032884673,0.6612174523859065,15,0
BTCUSDT,2026-05-16T20:00:00+00:00,bearish,78300.0,78280.679571,78484.4055,78023.39175000001,0.008987797355709076,2.5355,"['be_50%@16990', {'type': 'tp1', 'contracts': np.float64(0.0053926784134254455), 'price': np.float64(78023.39175000001), 'pnl': np.float64(1.3874704806550522), 'comm': np.float64(0.21037753021623104)}, {'type': 'tp2', 'contracts': np.float64(0.0035951189422836305), 'price': np.float64(77766.10392857145), 'pnl': np.float64(1.849960640873403), 'comm': np.float64(0.13978919665060235)}]",tp2_reached,Fib=0.25-0.5 Sig=SHORT Phase=compressing CI=64.92026012287518 WR=-13.297727889926835 ST=bullish Veto=False,100,0.25,0.5,0.03001645303530231,compressing,64.92026012287518,-13.297727889926835,-15.024897163885878,0,1,0,-0.804907042679835,bearish,0.4188454147774415,0.5764900320214752,20,0
BTCUSDT,2026-05-16T21:00:00+00:00,bearish,78285.96,78267.104237,78484.4055,77988.29175000003,0.008543562084107585,0.7503,"['be_50%@16990', {'type': 'tp1', 'contracts': np.float64(0.00512613725046455), 'price': np.float64(77988.29175000003), 'pnl': np.float64(1.429231073308328), 'comm': np.float64(0.19988934371988618)}, {'type': 'sl_rem', 'contracts': np.float64(0.003417424833643034), 'price': np.float64(78270.30280800001), 'pnl': np.float64(-0.010930877432173688), 'comm': np.float64(0.13374143827640966)}]",tp1_partial_then_sl,Fib=0.25-0.5 Sig=SHORT Phase=compressing CI=63.85543049808739 WR=-28.063308373038446 ST=bearish Veto=False,100,0.25,0.5,0.03001645303530231,compressing,63.85543049808739,-28.063308373038446,-13.639315869234578,0,0,1,-0.7665834243342942,bearish,3.3319568431697957,0.5764900320214752,21,0
BTCUSDT,2026-05-16T22:00:00+00:00,bearish,78207.11,78187.359935,78475.57788,77804.40818,0.006357134387132152,0.9539,"['be_50%@17003', {'type': 'tp1', 'contracts': np.float64(0.003814280632279291), 'price': np.float64(77804.40818), 'pnl': np.float64(1.4606854627387649), 'comm': np.float64(0.14838392361346323)}, {'type': 'sl_rem', 'contracts': np.float64(0.002542853754852861), 'price': np.float64(78191.468578), 'pnl': np.float64(-0.01044767791663654), 'comm': np.float64(0.0994147347355134)}]",tp1_partial_then_sl,Fib=0.25-0.5 Sig=SHORT Phase=compressing CI=69.70356708759256 WR=-95.02440856176989 ST=bearish Veto=False,100,0.25,0.5,0.03001645303530231,compressing,69.70356708759256,-95.02440856176989,-55.107509730107566,0,0,1,-0.8011377984788889,bearish,0.7753929380167147,0.5764900320214752,22,0
BTCUSDT,2026-05-16T23:00:00+00:00,bearish,78156.68,78137.910878,78464.94666,77694.28000999999,0.005582813016584004,-0.4538,"['be_50%@17003', {'type': 'sl_full', 'contracts': np.float64(0.005582813016584004), 'price': np.float64(78141.048664), 'pnl': np.float64(-0.01751767092893229), 'comm': np.float64(0.21812343180545166)}]",full_sl,Fib=0.25-0.5 Sig=SHORT Phase=compressing CI=63.15973352740503 WR=-99.99302309356398 ST=bearish Veto=False,100,0.25,0.5,0.03001645303530231,compressing,63.15973352740503,-99.99302309356398,-83.15770012941329,0,0,1,-0.8054842435496045,bearish,1.6090586613158802,0.5764900320214752,23,0
BTCUSDT,2026-05-19T00:00:00+00:00,bearish,76981.45,76959.660853,77377.23558,76387.77163,0.0028874031327625663,-1.447,"[{'type': 'sl_full', 'contracts': np.float64(0.0028874031327625663), 'price': np.float64(77383.62843714285), 'pnl': np.float64(-1.2241653310563378), 'comm': np.float64(0.11171886558697033)}]",full_sl,Fib=0.25-0.5 Sig=SHORT Phase=compressing CI=59.94977161137146 WR=-84.59833010991291 ST=bullish Veto=False,89,0.25,0.5,0.03001645303530231,compressing,59.94977161137146,-84.59833010991291,-25.239480593200753,0,1,0,-0.4741902028778844,bearish,4.33738160549383,0.23173534457644726,0,0
BTCUSDT,2026-05-19T02:00:00+00:00,bearish,76546.83,76518.885777,77569.44924,75012.90114,0.001655047992934189,-1.8872,"[{'type': 'sl_full', 'contracts': np.float64(0.001655047992934189), 'price': np.float64(77582.08409714286), 'pnl': np.float64(-1.7596442460798625), 'comm': np.float64(0.06420103628631388)}]",full_sl,Fib=0.25-0.5 Sig=SHORT Phase=compressing CI=40.163027416339716 WR=-91.85656512677528 ST=bearish Veto=False,100,0.25,0.5,0.03001645303530231,compressing,40.163027416339716,-91.85656512677528,-74.88427799177747,1,0,1,-0.5173107666335403,bearish,1.32085242621119,0.23173534457644726,2,0
BTCUSDT,2026-05-19T03:00:00+00:00,bearish,76618.6,76591.676637,77466.8745,75346.18825,0.0019618371449925055,-1.8909,"[{'type': 'sl_full', 'contracts': np.float64(0.0019618371449925055), 'price': np.float64(77478.47414285714), 'pnl': np.float64(-1.73975228679697), 'comm': np.float64(0.07600007425539926)}]",full_sl,Fib=0.25-0.5 Sig=SHORT Phase=compressing CI=45.170213276911106 WR=-74.33366045142216 ST=bearish Veto=False,95,0.25,0.5,0.03001645303530231,compressing,45.170213276911106,-74.33366045142216,-69.32206864554058,0,0,1,-0.7547374552298933,bearish,0.3158383508957159,0.23173534457644726,3,0
BTCUSDT,2026-05-19T04:00:00+00:00,bullish,76806.55,76828.566453,76334.85434,77514.09349,0.001733970993990582,-0.1448,"['be_50%@17655', {'type': 'sl_full', 'contracts': np.float64(0.001733970993990582), 'price': np.float64(76821.91131), 'pnl': np.float64(-0.011539824675144649), 'comm': np.float64(0.06660348295722851)}]",full_sl,Fib=0.25-0.5 Sig=LONG Phase=compressing CI=46.42250996435559 WR=-21.585088218552226 ST=bearish Veto=False,100,0.25,0.5,0.03001645303530231,compressing,46.42250996435559,-21.585088218552226,-50.95097159215009,0,0,1,-0.7621094012089332,bearish,1.9300746864958738,0.7048564529111708,4,0
BTCUSDT,2026-05-19T05:00:00+00:00,bullish,76911.31,76933.729119,76432.93778000001,77628.86832999998,0.0017075007997485545,-0.1434,"['be_50%@17672', {'type': 'sl_full', 'contracts': np.float64(0.0017075007997485545), 'price': np.float64(76926.692262), 'pnl': np.float64(-0.012015439199141748), 'comm': np.float64(0.06567619427968796)}]",full_sl,Fib=0.25-0.5 Sig=LONG Phase=compressing CI=57.895914073908166 WR=-13.308717948718904 ST=bearish Veto=False,95,0.25,0.5,0.03001645303530231,compressing,57.895914073908166,-13.308717948718904,-26.983316977428053,0,0,1,-0.7608631798357341,bearish,0.6399313437810146,0.7048564529111708,5,0
BTCUSDT,2026-05-19T06:00:00+00:00,bullish,76981.35,77005.441913,76491.69004,77715.83994,0.0011106287506965466,-0.6655,"[{'type': 'sl_full', 'contracts': np.float64(0.0011106287506965466), 'price': np.float64(76482.99439714286), 'pnl': np.float64(-0.5802452316822739), 'comm': np.float64(0.042472106258414875)}]",full_sl,Fib=0.25-0.5 Sig=LONG Phase=compressing CI=61.551487697078436 WR=-5.253225170411235 ST=bearish Veto=False,85,0.25,0.5,0.03001645303530231,compressing,61.551487697078436,-5.253225170411235,-5.347518723314487,0,0,1,-0.7420845049492153,bearish,0.8819811662614293,0.7048564529111708,6,0
BTCUSDT,2026-05-19T07:00:00+00:00,bullish,76986.46,77008.378078,76491.69004,77728.61494000001,0.001638649500285483,-0.9831,"[{'type': 'sl_full', 'contracts': np.float64(0.001638649500285483), 'price': np.float64(76485.16925428572), 'pnl': np.float64(-0.8573558770561687), 'comm': np.float64(0.06266619218889294)}]",full_sl,Fib=0.25-0.5 Sig=LONG Phase=compressing CI=53.667714376716305 WR=-54.91799595596181 ST=bearish Veto=False,95,0.25,0.5,0.03001645303530231,compressing,53.667714376716305,-54.91799595596181,-0.17565821353483796,0,0,1,-0.5247932851552031,bearish,0.8652785303736503,0.7048564529111708,7,0
BTCUSDT,2026-05-29T01:00:00+00:00,bearish,73786.0,73762.530657,74016.06666,73440.90001000001,0.0069838991070239765,0.8089,"['be_50%@20465', {'type': 'tp1', 'contracts': np.float64(0.004190339464214386), 'price': np.float64(73440.90001000001), 'pnl': np.float64(1.3477415936235142), 'comm': np.float64(0.15387115079966288)}, {'type': 'sl_rem', 'contracts': np.float64(0.002793559642809591), 'price': np.float64(73771.2428), 'pnl': np.float64(-0.024337890688100553), 'comm': np.float64(0.10304218334299381)}]",tp1_partial_then_sl,Fib=0.0-0.25 Sig=SHORT Phase=compressing CI=53.34248394655865 WR=-24.036209849360013 ST=bullish Veto=False,100,0.0,0.25,0.0356404462182998,compressing,53.34248394655865,-24.036209849360013,-34.002436734776566,0,1,0,-0.5182927232500061,bearish,1.0553064585951688,0.46523953947174623,1,0
BTCUSDT,2026-06-07T20:00:00+00:00,bullish,61495.41,61528.404582,61061.632,62146.07700000001,0.0018660421590328746,1.498,"['be_50%@23284', {'type': 'tp1', 'contracts': np.float64(0.0011196252954197247), 'price': np.float64(62146.07700000001), 'pnl': np.float64(0.691561663475876), 'comm': np.float64(0.03479015991015098)}, {'type': 'tp2', 'contracts': np.float64(0.0007464168636131499), 'price': np.float64(62763.74941800002), 'pnl': np.float64(0.9220822179678348), 'comm': np.float64(0.02342396049459262)}]",tp2_reached,Fib=0.0-0.25 Sig=LONG Phase=compressing CI=41.47954971033203 WR=-67.56753941969178 ST=bearish Veto=False,100,0.0,0.25,0.09871491069560744,compressing,41.47954971033203,-67.56753941969178,-65.42931937172773,0,0,1,-0.19354795649682927,bearish,2.1164706853306647,0.6641303591371703,20,0
BTCUSDT,2026-06-12T02:00:00+00:00,bearish,63474.39,63453.778122,63937.630020000004,62779.52996999999,0.002362154012888831,-0.1686,"['be_50%@24556', {'type': 'sl_full', 'contracts': np.float64(0.002362154012888831), 'price': np.float64(63461.695122), 'pnl': np.float64(-0.0187011733200439), 'comm': np.float64(0.07495314889857993)}]",full_sl,Fib=0.0-0.25 Sig=SHORT Phase=compressing CI=59.96509460553051 WR=-58.74266074752989 ST=bullish Veto=False,80,0.0,0.25,0.09689187939099872,compressing,59.96509460553051,-58.74266074752989,-28.47702957835156,0,1,0,-0.043007156670707467,neutral,0.13551245993750277,0.1989852108244172,2,0
ETHUSDT,2026-03-27T09:00:00+00:00,bearish,2047.13,2046.126574,2076.50472,1994.2555040000004,0.02789537119762543,0.8049,"['be_50%@2431', {'type': 'tp1', 'contracts': np.float64(0.016737222718575258), 'price': np.float64(1994.2555040000004), 'pnl': np.float64(0.8681776512408024), 'comm': np.float64(0.01668914926409628)}, {'type': 'sl_rem', 'contracts': np.float64(0.011158148479050172), 'price': np.float64(2046.7205740000002), 'pnl': np.float64(-0.006627940196556371), 'comm': np.float64(0.0114188060299094)}]",tp1_partial_then_sl,Fib=0.25-0.5 Sig=SHORT Phase=compressing CI=42.89618949197346 WR=-64.89303346132702 ST=bearish Veto=False,100,0.25,0.5,0.03225798532132153,compressing,42.89618949197346,-64.89303346132702,-80.67315277412543,1,0,1,-0.6173805376467416,bearish,0.6901428405364557,0.8597828597828585,9,0
ETHUSDT,2026-04-02T21:00:00+00:00,bearish,2066.42,2065.588216,2078.3083199999996,2045.0210240000008,0.06943415814163326,0.7022,"['be_50%@4301', {'type': 'tp1', 'contracts': np.float64(0.04166049488497995), 'price': np.float64(2045.0210240000008), 'pnl': np.float64(0.8568393971143712), 'comm': np.float64(0.04259829395501425)}, {'type': 'sl_rem', 'contracts': np.float64(0.027773663256653303), 'price': np.float64(2066.0067160000003), 'pnl': np.float64(-0.01162327807291557), 'comm': np.float64(0.028690287408084082)}]",tp1_partial_then_sl,Fib=0.25-0.5 Sig=SHORT Phase=compressing CI=50.113360912039404 WR=-59.0839694656476 ST=bullish Veto=False,100,0.25,0.5,0.0366327212559223,compressing,50.113360912039404,-59.0839694656476,-48.01704359226401,0,1,0,-0.5628294563139149,bearish,1.305287091113378,0.3967022308438351,21,0
ETHUSDT,2026-04-02T22:00:00+00:00,bearish,2064.75,2063.98805,2078.3083199999996,2040.3450240000006,0.06127028374682493,-0.1479,"['be_50%@4329', {'type': 'sl_full', 'contracts': np.float64(0.06127028374682493), 'price': np.float64(2064.33705), 'pnl': np.float64(-0.021383329027651707), 'comm': np.float64(0.06324125840129177)}]",full_sl,Fib=0.25-0.5 Sig=SHORT Phase=compressing CI=52.92067141003798 WR=-39.79094076655103 ST=bearish Veto=False,91,0.25,0.5,0.0366327212559223,compressing,52.92067141003798,-39.79094076655103,-50.08130081300713,0,0,1,-0.5730209058232826,bearish,1.339631143550541,0.3967022308438351,22,0
ETHUSDT,2026-04-02T23:00:00+00:00,bearish,2059.95,2059.247939,2075.75322,2031.5042039999994,0.052496465902137274,-0.1233,"['be_50%@4346', {'type': 'sl_full', 'contracts': np.float64(0.052496465902137274), 'price': np.float64(2059.5380099999998), 'pnl': np.float64(-0.015227724859189922), 'comm': np.float64(0.05405923345806032)}]",full_sl,Fib=0.25-0.5 Sig=SHORT Phase=compressing CI=57.34660282606354 WR=-43.77192982456313 ST=bearish Veto=False,91,0.25,0.5,0.0366327212559223,compressing,57.34660282606354,-43.77192982456313,-79.87390882638161,0,0,1,-0.5663494830793282,bearish,1.6884926084621388,0.3967022308438351,23,0
ETHUSDT,2026-04-03T04:00:00+00:00,bullish,2055.49,2056.222098,2036.57868,2089.5303759999993,0.0876393779534853,-0.2083,"['be_50%@4411', {'type': 'sl_full', 'contracts': np.float64(0.0876393779534853), 'price': np.float64(2055.901098), 'pnl': np.float64(-0.02813224032306113), 'comm': np.float64(0.0900889466813037)}]",full_sl,Fib=0.25-0.5 Sig=LONG Phase=compressing CI=57.57670035275299 WR=-23.47354138398974 ST=bearish Veto=False,95,0.25,0.5,0.0366327212559223,compressing,57.57670035275299,-23.47354138398974,-31.562070545121244,0,0,1,-0.7918840367517268,bearish,0.4484765103391698,0.4180445722501812,4,0
ETHUSDT,2026-04-03T05:00:00+00:00,bullish,2055.61,2056.280908,2039.44294,2084.7107080000005,0.10232234296663521,-0.237,"['be_50%@4411', {'type': 'sl_full', 'contracts': np.float64(0.10232234296663521), 'price': np.float64(2056.021122), 'pnl': np.float64(-0.026581882954953145), 'comm': np.float64(0.10518844919596508)}]",full_sl,Fib=0.25-0.5 Sig=LONG Phase=compressing CI=56.640304344439365 WR=-24.57912457912434 ST=bearish Veto=False,95,0.25,0.5,0.0366327212559223,compressing,56.640304344439365,-24.57912457912434,-33.1410592553759,0,0,1,-0.7710246257121897,bearish,1.262448559776103,0.4180445722501812,5,0
ETHUSDT,2026-04-03T06:00:00+00:00,bullish,2055.87,2056.622531,2043.2552999999998,2078.57646,0.13085502445542543,-0.3138,"['be_50%@4406', {'type': 'sl_full', 'contracts': np.float64(0.13085502445542543), 'price': np.float64(2056.2811739999997), 'pnl': np.float64(-0.0446682972766268), 'comm': np.float64(0.13453736165550043)}]",full_sl,Fib=0.25-0.5 Sig=LONG Phase=compressing CI=50.949299896878934 WR=-50.55136390017427 ST=bearish Veto=False,95,0.25,0.5,0.0366327212559223,compressing,50.949299896878934,-50.55136390017427,-21.80522565320739,0,0,1,-0.7629511705338655,bearish,1.1970176827429564,0.4180445722501812,6,0
ETHUSDT,2026-04-03T07:00:00+00:00,bullish,2063.15,2063.882059,2043.2552999999998,2098.9604600000007,0.08273512024191364,-0.1972,"['be_50%@4470', {'type': 'sl_full', 'contracts': np.float64(0.08273512024191364), 'price': np.float64(2063.56263), 'pnl': np.float64(-0.02642796126583872), 'comm': np.float64(0.08536455115988477)}]",full_sl,Fib=0.25-0.5 Sig=LONG Phase=compressing CI=49.77306120904893 WR=-29.750644883920927 ST=bearish Veto=False,95,0.25,0.5,0.0366327212559223,compressing,49.77306120904893,-29.750644883920927,-17.457212713936997,0,0,1,-0.5525021419474189,bearish,0.8326138186941839,0.4180445722501812,7,0
ETHUSDT,2026-04-10T08:00:00+00:00,bullish,2177.92,2178.64087,2172.0472,2188.4910400000003,0.2797699295929202,3.2466,"['be_50%@6436', {'type': 'tp1', 'contracts': np.float64(0.1678619577557521), 'price': np.float64(2188.4910400000003), 'pnl': np.float64(1.6534688683876122), 'comm': np.float64(0.18368219525266102)}, {'type': 'tp2', 'contracts': np.float64(0.11190797183716808), 'price': np.float64(2198.341210285715), 'pnl': np.float64(2.20462515785015), 'comm': np.float64(0.1230059531245699)}]",tp2_reached,Fib=0.5-0.75 Sig=LONG Phase=compressing CI=43.185452028440736 WR=-87.51027115858692 ST=bearish Veto=False,100,0.5,0.75,0.03976675236013107,compressing,43.185452028440736,-87.51027115858692,-82.47847248221703,0,0,1,0.45331279992130014,bullish,0.8298002426401679,0.771580063626724,8,0
ETHUSDT,2026-04-10T09:00:00+00:00,bullish,2188.47,2189.227623,2172.0472,2218.0310399999994,0.10301121271408002,3.9263,"['be_50%@6469', {'type': 'tp1', 'contracts': np.float64(0.06180672762844801), 'price': np.float64(2218.0310399999994), 'pnl': np.float64(1.7802449757761964), 'comm': np.float64(0.06854462018036162)}, {'type': 'tp2', 'contracts': np.float64(0.041204485085632014), 'price': np.float64(2246.8344574285707), 'pnl': np.float64(2.3736599677015957), 'comm': np.float64(0.04628982844549982)}]",tp2_reached,Fib=0.75-1.0 Sig=LONG Phase=compressing CI=43.450446535356846 WR=-12.15715344699999 ST=bullish Veto=False,100,0.75,1.0,0.038245839530707884,compressing,43.450446535356846,-12.15715344699999,-51.352476071576454,0,1,0,0.4453197014645518,bullish,0.449667124739452,0.771580063626724,9,0
ETHUSDT,2026-04-10T10:00:00+00:00,bullish,2195.17,2195.878463,2172.0472,2236.79104,0.07571000221172328,4.1681,"['be_50%@6473', {'type': 'tp1', 'contracts': np.float64(0.04542600132703396), 'price': np.float64(2236.79104), 'pnl': np.float64(1.8584947965626568), 'comm': np.float64(0.050804236375668846)}, {'type': 'tp2', 'contracts': np.float64(0.030284000884689313), 'price': np.float64(2277.7036174285713), 'pnl': np.float64(2.477993062083543), 'comm': np.float64(0.034488989182633455)}]",tp2_reached,Fib=0.75-1.0 Sig=LONG Phase=compressing CI=49.164472967262896 WR=-18.84284597341565 ST=bullish Veto=False,100,0.75,1.0,0.038245839530707884,compressing,49.164472967262896,-18.84284597341565,-19.357884796978002,1,1,0,0.4333668313001803,bullish,0.3540729268539795,0.771580063626724,10,0
ETHUSDT,2026-04-19T01:00:00+00:00,bearish,2350.41,2349.668632,2364.219,2325.5537999999997,0.06565096255750237,2.0633,"['be_50%@8956', {'type': 'tp1', 'contracts': np.float64(0.03939057753450142), 'price': np.float64(2325.5537999999997), 'pnl': np.float64(0.9498971708819463), 'comm': np.float64(0.045802453634777196)}, {'type': 'tp2', 'contracts': np.float64(0.02626038502300095), 'price': np.float64(2301.438967714285), 'pnl': np.float64(1.2665295611759284), 'comm': np.float64(0.030218336699557487)}]",tp2_reached,Fib=0.75-1.0 Sig=SHORT Phase=compressing CI=56.01046302155471 WR=-44.65753424657722 ST=bearish Veto=False,100,0.75,1.0,0.0563654772299929,compressing,56.01046302155471,-44.65753424657722,-71.55115511551209,1,0,1,-0.06258013594721325,neutral,2.4852556907481076,0.45517241379309575,1,0
ETHUSDT,2026-04-19T03:00:00+00:00,bearish,2338.43,2337.546671,2357.706,2303.733199999999,0.047834027754291505,0.8512,"['be_50%@9013', {'type': 'tp1', 'contracts': np.float64(0.028700416652574903), 'price': np.float64(2303.733199999999), 'pnl': np.float64(0.97046071026984), 'comm': np.float64(0.03305905134818483)}, {'type': 'sl_rem', 'contracts': np.float64(0.019133611101716602), 'price': np.float64(2337.962314), 'pnl': np.float64(-0.00795274878577586), 'comm': np.float64(0.022366830843272716)}]",tp1_partial_then_sl,Fib=0.75-1.0 Sig=SHORT Phase=compressing CI=52.92796481965066 WR=-69.66565349544172 ST=bearish Veto=False,100,0.75,1.0,0.0563654772299929,compressing,52.92796481965066,-69.66565349544172,-59.61206896551818,1,0,1,-0.078714082887173,neutral,0.5130851524988589,0.45517241379309575,3,0
ETHUSDT,2026-04-24T00:00:00+00:00,bearish,2327.59,2326.864768,2343.46758,2299.0103560000002,0.05847443571785805,-0.1513,"['be_50%@10408', {'type': 'sl_full', 'contracts': np.float64(0.05847443571785805), 'price': np.float64(2327.124482), 'pnl': np.float64(-0.01518664630501498), 'comm': np.float64(0.06803864546508136)}]",full_sl,Fib=0.5-0.75 Sig=SHORT Phase=compressing CI=58.54149774492272 WR=-64.43629697525058 ST=bullish Veto=False,100,0.5,0.75,0.05973231783056639,compressing,58.54149774492272,-64.43629697525058,-39.53488372092965,0,1,0,-0.06937516655603197,neutral,2.103264620591845,0.5983402489626571,0,0
ETHUSDT,2026-04-24T01:00:00+00:00,bearish,2327.39,2326.565808,2342.175,2300.776999999999,0.06271884399633279,0.816,"['be_50%@10408', {'type': 'tp1', 'contracts': np.float64(0.03763130639779967), 'price': np.float64(2300.776999999999), 'pnl': np.float64(0.970466524730258), 'comm': np.float64(0.04329062212000515)}, {'type': 'sl_rem', 'contracts': np.float64(0.02508753759853312), 'price': np.float64(2326.924522), 'pnl': np.float64(-0.008999258129983088), 'comm': np.float64(0.02918840321731185)}]",tp1_partial_then_sl,Fib=0.5-0.75 Sig=SHORT Phase=compressing CI=63.36442812282665 WR=-93.43807763401085 ST=bullish Veto=False,100,0.5,0.75,0.05973231783056639,compressing,63.36442812282665,-93.43807763401085,-76.2405137186215,0,1,0,0.1408181159056766,neutral,1.5068419337272476,0.5983402489626571,1,0
ETHUSDT,2026-04-24T02:00:00+00:00,bearish,2332.12,2331.271076,2342.175,2314.0209999999993,0.0618875068525089,0.4871,"['be_50%@10402', {'type': 'tp1', 'contracts': np.float64(0.037132504111505336), 'price': np.float64(2314.0209999999993), 'pnl': np.float64(0.6405385179938061), 'comm': np.float64(0.042962697148304835)}, {'type': 'sl_rem', 'contracts': np.float64(0.024755002741003562), 'price': np.float64(2331.653576), 'pnl': np.float64(-0.009468788548437915), 'comm': np.float64(0.02886004533247538)}]",tp1_partial_then_sl,Fib=0.5-0.75 Sig=SHORT Phase=compressing CI=60.17496767710146 WR=-19.580838323353397 ST=bullish Veto=False,85,0.5,0.75,0.05973231783056639,compressing,60.17496767710146,-19.580838323353397,-43.700159489632235,0,1,0,0.14228989577359985,neutral,1.3024684508670357,0.5983402489626571,2,0
ETHUSDT,2026-04-24T03:00:00+00:00,bearish,2318.93,2318.087214,2340.672,2279.7943999999993,0.04309960617354095,-1.0901,"[{'type': 'sl_full', 'contracts': np.float64(0.04309960617354095), 'price': np.float64(2341.051), 'pnl': np.float64(-0.9897301328534647), 'comm': np.float64(0.050449188066087114)}]",full_sl,Fib=0.5-0.75 Sig=SHORT Phase=compressing CI=56.46229495416513 WR=-80.9242871189788 ST=bearish Veto=False,95,0.5,0.75,0.05973231783056639,compressing,56.46229495416513,-80.9242871189788,-79.73273942093647,0,0,1,-0.06070266705040318,neutral,0.45073371258113154,0.5983402489626571,3,0
ETHUSDT,2026-04-26T07:00:00+00:00,bullish,2328.77,2329.423683,2308.19436,2365.806152,0.09029081332058107,4.3864,"['be_50%@11116', {'type': 'tp1', 'contracts': np.float64(0.05417448799234864), 'price': np.float64(2365.806152), 'pnl': np.float64(1.9710016531901526), 'comm': np.float64(0.06408316848687427)}, {'type': 'tp2', 'contracts': np.float64(0.03611632532823243), 'price': np.float64(2402.188621428572), 'pnl': np.float64(2.628002204253537), 'comm': np.float64(0.04337911287564624)}]",tp2_reached,Fib=0.5-0.75 Sig=LONG Phase=compressing CI=33.37916114289221 WR=-75.50335570469753 ST=bullish Veto=False,100,0.5,0.75,0.05973231783056639,compressing,33.37916114289221,-75.50335570469753,-24.982256919801294,1,1,0,-0.5401832148835859,bearish,0.399466285034433,0.7724463831333999,7,0
ETHUSDT,2026-05-06T00:00:00+00:00,bullish,2363.68,2364.52945,2349.63132,2388.9676239999994,0.13692296729238693,-0.3753,"['be_50%@13846', {'type': 'sl_full', 'contracts': np.float64(0.13692296729238693), 'price': np.float64(2364.152736), 'pnl': np.float64(-0.05158083782140871), 'comm': np.float64(0.16185340387276753)}]",full_sl,Fib=0.75-1.0 Sig=LONG Phase=compressing CI=48.14465838784521 WR=-47.33009708737969 ST=bearish Veto=False,100,0.75,1.0,0.04279971274366816,compressing,48.14465838784521,-47.33009708737969,-70.67251461988363,0,0,1,0.46081944399153096,bullish,0.9437414521881047,0.6200231928875157,0,0
ETHUSDT,2026-05-06T01:00:00+00:00,bullish,2366.85,2367.749584,2350.29,2396.658,0.11581867455322536,1.7139,"['be_50%@13926', {'type': 'tp1', 'contracts': np.float64(0.06949120473193522), 'price': np.float64(2396.658), 'pnl': np.float64(2.0088806348773165), 'comm': np.float64(0.0832733258752152)}, {'type': 'sl_rem', 'contracts': np.float64(0.04632746982129015), 'price': np.float64(2367.32337), 'pnl': np.float64(-0.01974542945882712), 'comm': np.float64(0.05483605099045495)}]",tp1_partial_then_sl,Fib=0.75-1.0 Sig=LONG Phase=compressing CI=58.90286090369567 WR=-6.839622641508684 ST=bearish Veto=False,100,0.75,1.0,0.04279971274366816,compressing,58.90286090369567,-6.839622641508684,-46.89100219458615,0,0,1,0.45983592840956505,bullish,0.7248650290991437,0.6200231928875157,1,0
ETHUSDT,2026-05-06T03:00:00+00:00,bullish,2371.52,2372.318804,2350.29,2409.734,0.09155279867596569,1.8252,"['be_50%@13930', {'type': 'tp1', 'contracts': np.float64(0.05493167920557941), 'price': np.float64(2409.734), 'pnl': np.float64(2.0552795440858738), 'comm': np.float64(0.06618536752938885)}, {'type': 'sl_rem', 'contracts': np.float64(0.03662111947038628), 'price': np.float64(2371.994304), 'pnl': np.float64(-0.011883553268146609), 'comm': np.float64(0.04343254339492987)}]",tp1_partial_then_sl,Fib=0.75-1.0 Sig=LONG Phase=compressing CI=54.57999972444843 WR=-20.715760495527714 ST=bullish Veto=False,100,0.75,1.0,0.04279971274366816,compressing,54.57999972444843,-20.715760495527714,-39.15416098226356,0,1,0,0.45230716093932993,bullish,2.217858951945011,0.6200231928875157,3,0
ETHUSDT,2026-05-09T12:00:00+00:00,bullish,2316.4,2316.957137,2305.6195199999997,2335.8048640000006,0.09141724876328125,-1.2563,"[{'type': 'sl_full', 'contracts': np.float64(0.09141724876328125), 'price': np.float64(2305.5256628571424), 'pnl': np.float64(-1.0450339285082622), 'comm': np.float64(0.10538240652577013)}]",full_sl,Fib=0.25-0.5 Sig=LONG Phase=compressing CI=58.60983281577233 WR=-0.0 ST=bullish Veto=False,90,0.25,0.5,0.032248376235134706,compressing,58.60983281577233,-0.0,-47.82034346102791,1,1,0,-0.5660165259397085,bearish,1.004499625972704,0.16803503010400475,12,0
ETHUSDT,2026-05-09T13:00:00+00:00,bullish,2315.3,2315.91906,2307.7352800000003,2328.916496,0.1290331185435415,-1.3744,"[{'type': 'sl_full', 'contracts': np.float64(0.1290331185435415), 'price': np.float64(2307.5792800000004), 'pnl': np.float64(-1.0761078213670296), 'comm': np.float64(0.1488770753924301)}]",full_sl,Fib=0.25-0.5 Sig=LONG Phase=compressing CI=56.78794229207665 WR=-59.045725646116935 ST=bullish Veto=False,100,0.25,0.5,0.032248376235134706,compressing,56.78794229207665,-59.045725646116935,-32.25404732254148,1,1,0,-0.569924374400682,bearish,0.6451291879008753,0.16803503010400475,13,0
ETHUSDT,2026-05-09T14:00:00+00:00,bullish,2312.99,2313.590598,2307.06662,2323.6520839999994,0.08152367502281263,-0.7314,"[{'type': 'sl_full', 'contracts': np.float64(0.08152367502281263), 'price': np.float64(2306.92862), 'pnl': np.float64(-0.5431089294810976), 'comm': np.float64(0.09403464955885281)}]",full_sl,Fib=0.25-0.5 Sig=LONG Phase=compressing CI=63.32993593571745 WR=-73.25102880659068 ST=bullish Veto=False,70,0.25,0.5,0.032248376235134706,compressing,63.32993593571745,-73.25102880659068,-70.82066869300769,0,1,0,-0.5494534962993606,bearish,0.6548974940110807,0.16803503010400475,14,0
ETHUSDT,2026-05-17T20:00:00+00:00,bearish,2190.94,2190.320026,2198.06736,2178.110752,0.2694701934349438,-0.6392,"['be_50%@17256', {'type': 'sl_full', 'contracts': np.float64(0.2694701934349438), 'price': np.float64(2190.501812), 'pnl': np.float64(-0.048985831592229745), 'comm': np.float64(0.2951374734996175)}]",full_sl,Fib=0.25-0.5 Sig=SHORT Phase=compressing CI=48.826597309913 WR=-40.89552238805756 ST=bullish Veto=False,100,0.25,0.5,0.03862984481870999,compressing,48.826597309913,-40.89552238805756,-21.290322580643476,0,1,0,-0.4093740415721755,bearish,1.608944487098015,0.5955099670988957,20,0
ETHUSDT,2026-05-17T21:00:00+00:00,bearish,2188.16,2187.561797,2198.06736,2170.3267519999995,0.19288917871111005,4.2346,"['be_50%@17260', {'type': 'tp1', 'contracts': np.float64(0.11573350722666603), 'price': np.float64(2170.3267519999995), 'pnl': np.float64(1.9946721554593565), 'comm': np.float64(0.12558976341840927)}, {'type': 'tp2', 'contracts': np.float64(0.07715567148444402), 'price': np.float64(2153.0917074285708), 'pnl': np.float64(2.659562873945809), 'comm': np.float64(0.08306161822711974)}]",tp2_reached,Fib=0.25-0.5 Sig=SHORT Phase=compressing CI=47.65195568460224 WR=-82.3880597014945 ST=bearish Veto=False,100,0.25,0.5,0.03862984481870999,compressing,47.65195568460224,-82.3880597014945,-29.07216494845428,0,0,1,-0.42410206670339184,bearish,0.8099657863171826,0.5955099670988957,21,0
ETHUSDT,2026-05-22T04:00:00+00:00,bearish,2139.56,2138.956374,2145.67278,2128.5569960000003,0.32301859560205787,4.0143,"['be_50%@18489', {'type': 'tp1', 'contracts': np.float64(0.19381115736123472), 'price': np.float64(2128.5569960000003), 'pnl': np.float64(2.015515430642303), 'comm': np.float64(0.20626904745205657)}, {'type': 'tp2', 'contracts': np.float64(0.12920743824082315), 'price': np.float64(2118.1576182857148), 'pnl': np.float64(2.687353907523071), 'comm': np.float64(0.1368408598244903)}]",tp2_reached,Fib=0.0-0.25 Sig=SHORT Phase=compressing CI=48.28479302472564 WR=-29.999999999999254 ST=bullish Veto=False,95,0.0,0.25,0.04445910418458646,compressing,48.28479302472564,-29.999999999999254,-5.41056651814072,0,1,0,-0.06734557507356792,neutral,0.8831969749235699,0.4806485355648477,4,0
ETHUSDT,2026-05-22T05:00:00+00:00,bearish,2132.24,2131.664409,2145.67278,2108.0609959999997,0.1514769155869789,-0.3455,"['be_50%@18543', {'type': 'sl_full', 'contracts': np.float64(0.1514769155869789), 'price': np.float64(2131.8135519999996), 'pnl': np.float64(-0.022591699981856114), 'comm': np.float64(0.1614602707317408)}]",full_sl,Fib=0.0-0.25 Sig=SHORT Phase=compressing CI=61.25696413531191 WR=-94.69302809573614 ST=bearish Veto=False,100,0.0,0.25,0.04445910418458646,compressing,61.25696413531191,-94.69302809573614,-70.19527235354485,0,0,1,-0.041015281435207426,neutral,1.415135405705322,0.4806485355648477,5,0
ETHUSDT,2026-05-24T15:00:00+00:00,bearish,2100.0,2098.904714,2125.8432,2053.4822400000003,0.07853414313918396,-0.2179,"['be_50%@19267', {'type': 'sl_full', 'contracts': np.float64(0.07853414313918396), 'price': np.float64(2099.58), 'pnl': np.float64(-0.05303298494554861), 'comm': np.float64(0.08244435812608393)}]",full_sl,Fib=0.0-0.25 Sig=SHORT Phase=compressing CI=28.861280616555064 WR=-37.93939393939388 ST=bearish Veto=False,100,0.0,0.25,0.05156522171900657,compressing,28.861280616555064,-37.93939393939388,-59.14225941422568,1,0,1,-0.23977193272153585,bearish,0.30328248977264693,0.6449213769655747,15,0
ETHUSDT,2026-05-30T23:00:00+00:00,bearish,2026.1,2025.517423,2035.4728200000002,2009.2289239999993,0.2161894862169448,-2.6296,"[{'type': 'sl_full', 'contracts': np.float64(0.2161894862169448), 'price': np.float64(2035.6501771428573), 'pnl': np.float64(-2.190594942991126), 'comm': np.float64(0.2200430829569735)}]",full_sl,Fib=0.0-0.25 Sig=SHORT Phase=compressing CI=51.269626360463256 WR=-40.484429065744564 ST=bullish Veto=False,95,0.0,0.25,0.05805033045246566,compressing,51.269626360463256,-40.484429065744564,-97.13467048710646,0,1,0,-0.08010603099647602,neutral,1.3963349626743378,0.5723327305605631,23,0
ETHUSDT,2026-06-08T08:00:00+00:00,bullish,1668.08,1668.982187,1643.72596,1711.917272,0.02719413771503572,-0.0608,"['be_50%@23464', {'type': 'sl_full', 'contracts': np.float64(0.02719413771503572), 'price': np.float64(1668.4136159999998), 'pnl': np.float64(-0.015461809729406093), 'comm': np.float64(0.022685534819572358)}]",full_sl,Fib=0.0-0.25 Sig=LONG Phase=trending CI=47.007390477397436 WR=-70.49405306495953 ST=bullish Veto=False,80,0.0,0.25,0.1455903644864779,trending,47.007390477397436,-70.49405306495953,-36.632891660171225,0,1,0,-0.017788990017667913,neutral,1.5353429630211632,0.2603640040444886,8,0
ETHUSDT,2026-06-10T10:00:00+00:00,bearish,1622.3,1621.513683,1645.9152600000002,1579.7925319999995,0.0840959931789164,-2.2283,"[{'type': 'sl_full', 'contracts': np.float64(0.0840959931789164), 'price': np.float64(1646.3771171428573), 'pnl': np.float64(-2.0909152000958784), 'comm': np.float64(0.06922685940658489)}]",full_sl,Fib=0.0-0.25 Sig=SHORT Phase=compressing CI=38.35848409402716 WR=-20.264317180617166 ST=bearish Veto=False,100,0.0,0.25,0.13866990329950588,compressing,38.35848409402716,-20.264317180617166,-60.846420015970025,1,0,1,-0.7542416618932347,bearish,0.4816442929496751,0.574827981651373,10,0
ETHUSDT,2026-06-13T00:00:00+00:00,bearish,1665.54,1665.039249,1671.29592,1655.179344,0.22614674884972966,-1.8301,"[{'type': 'sl_full', 'contracts': np.float64(0.22614674884972966), 'price': np.float64(1671.463562857143), 'pnl': np.float64(-1.4528376600765036), 'comm': np.float64(0.1889980252804643)}]",full_sl,Fib=0.0-0.25 Sig=SHORT Phase=compressing CI=59.7254252903734 WR=-11.89189189189322 ST=bullish Veto=False,86,0.0,0.25,0.13193540460124323,compressing,59.7254252903734,-11.89189189189322,-0.5561735261396493,0,1,0,-0.29914705462381846,bearish,1.0065067492486048,0.09330143540670295,0,0
ETHUSDT,2026-06-13T01:00:00+00:00,bearish,1667.89,1667.379279,1673.34,1658.0800000000004,0.23548284802222355,-1.8387,"[{'type': 'sl_full', 'contracts': np.float64(0.23548284802222355), 'price': np.float64(1673.5171428571427), 'pnl': np.float64(-1.4453616282122033), 'comm': np.float64(0.19704229150700717)}]",full_sl,Fib=0.0-0.25 Sig=SHORT Phase=compressing CI=50.818065347091924 WR=-35.98014888337042 ST=bullish Veto=False,86,0.0,0.25,0.13193540460124323,compressing,50.818065347091924,-35.98014888337042,-10.564663023680145,0,1,0,-0.2770132405139782,bearish,0.3881672588084322,0.09330143540670295,1,0
ETHUSDT,2026-06-13T03:00:00+00:00,bearish,1668.63,1668.137845,1679.2518,1649.5107600000003,0.11909415413743125,-1.5418,"[{'type': 'sl_full', 'contracts': np.float64(0.11909415413743125), 'price': np.float64(1679.4102285714287), 'pnl': np.float64(-1.3424749355116266), 'comm': np.float64(0.10000397031073219)}]",full_sl,Fib=0.0-0.25 Sig=SHORT Phase=compressing CI=47.301869328166006 WR=-66.70441676104102 ST=bullish Veto=False,80,0.0,0.25,0.13193540460124323,compressing,47.301869328166006,-66.70441676104102,-61.860465116278775,0,1,0,-0.08640256674002833,neutral,0.3445871056063337,0.09330143540670295,3,0
ETHUSDT,2026-06-14T07:00:00+00:00,bearish,1676.17,1675.678409,1685.865,1658.7190000000003,0.09666654229218484,0.8161,"['be_50%@25207', {'type': 'tp1', 'contracts': np.float64(0.0579999253753109), 'price': np.float64(1658.7190000000003), 'pnl': np.float64(0.9836444481236669), 'comm': np.float64(0.04810278910930517)}, {'type': 'sl_rem', 'contracts': np.float64(0.03866661691687394), 'price': np.float64(1675.8347660000002), 'pnl': np.float64(-0.006045801745073663), 'comm': np.float64(0.032399430456450544)}]",tp1_partial_then_sl,Fib=0.0-0.25 Sig=SHORT Phase=compressing CI=56.94585537558068 WR=-87.9166666666651 ST=bearish Veto=False,100,0.0,0.25,0.1205153153392487,compressing,56.94585537558068,-87.9166666666651,-89.59731543624096,0,0,1,-0.2603447597972584,bearish,0.5696874533541587,0.652125279642046,7,0
SOLUSDT,2026-03-24T00:00:00+00:00,bearish,91.44,91.400712,92.08380000000001,90.15239999999997,1.9536148246497587,1.269,"['be_50%@1447', {'type': 'tp1', 'contracts': np.float64(1.1721688947898552), 'price': np.float64(90.15239999999997), 'pnl': np.float64(1.4632324973929454), 'comm': np.float64(0.05283691953532645)}, {'type': 'sl_rem', 'contracts': np.float64(0.7814459298599035), 'price': np.float64(91.421712), 'pnl': np.float64(-0.016410364527058595), 'comm': np.float64(0.03572056237161215)}]",tp1_partial_then_sl,Fib=0.75-1.0 Sig=SHORT Phase=trending CI=60.54557240508119 WR=-34.28571428571544 ST=bullish Veto=False,85,0.75,1.0,0.019757384840697546,trending,60.54557240508119,-34.28571428571544,-63.461538461538616,0,1,0,0.33016181830585084,bullish,2.0761122550084887,0.6337209302325553,0,0
SOLUSDT,2026-03-24T12:00:00+00:00,bearish,91.66,91.613025,92.40444,90.17112,1.7065540025917474,3.2903,"['be_50%@1603', {'type': 'tp1', 'contracts': np.float64(1.0239324015550484), 'price': np.float64(90.17112), 'pnl': np.float64(1.4764133957402843), 'comm': np.float64(0.046164565726254235)}, {'type': 'tp2', 'contracts': np.float64(0.682621601036699), 'price': np.float64(88.72921485714286), 'pnl': np.float64(1.9685511943203793), 'comm': np.float64(0.030284239352256062)}]",tp2_reached,Fib=0.75-1.0 Sig=SHORT Phase=compressing CI=63.90156570854381 WR=-62.96296296296342 ST=bullish Veto=False,85,0.75,1.0,0.019757384840697546,compressing,63.90156570854381,-62.96296296296342,-42.72727272727285,0,1,0,0.3230593654392294,bullish,0.4333594893003445,0.6455696202531672,12,0
SOLUSDT,2026-03-29T12:00:00+00:00,bearish,82.54,82.507421,83.00568,81.60864000000002,4.198152722896102,4.9388,"['be_50%@3037', {'type': 'tp1', 'contracts': np.float64(2.5188916337376615), 'price': np.float64(81.60864000000002), 'pnl': np.float64(2.263930861937354), 'comm': np.float64(0.10278166026835436)}, {'type': 'tp2', 'contracts': np.float64(1.679261089158441), 'price': np.float64(80.70985942857146), 'pnl': np.float64(3.018574482583139), 'comm': np.float64(0.0677664632249238)}]",tp2_reached,Fib=0.0-0.25 Sig=SHORT Phase=compressing CI=51.18447627130237 WR=-41.66666666666634 ST=bullish Veto=False,100,0.0,0.25,0.045940982776089136,compressing,51.18447627130237,-41.66666666666634,-48.83720930232581,0,1,0,-0.7669266168926174,bearish,0.35593820663032205,0.6046511627906956,12,0
SOLUSDT,2026-04-04T12:00:00+00:00,bullish,80.23,80.253546,79.82004,81.04992,1.6498172810934053,-0.8596,"[{'type': 'sl_full', 'contracts': np.float64(1.6498172810934053), 'price': np.float64(79.81254000000001), 'pnl': np.float64(-0.7275793198658574), 'comm': np.float64(0.06583805386997933)}]",full_sl,Fib=0.0-0.25 Sig=LONG Phase=compressing CI=63.36678621292126 WR=-24.00000000000091 ST=bullish Veto=False,85,0.0,0.25,0.05466101694915248,compressing,63.36678621292126,-24.00000000000091,-21.621621621624737,0,1,0,-0.7479115483153762,bearish,0.4725775200519691,0.4411764705882298,12,0
SOLUSDT,2026-05-17T20:00:00+00:00,bearish,86.78,86.751858,87.11388,86.11224000000001,6.038645589469872,-0.589,"['be_50%@17256', {'type': 'sl_full', 'contracts': np.float64(6.038645589469872), 'price': np.float64(86.76264400000001), 'pnl': np.float64(-0.06513110600072754), 'comm': np.float64(0.26196442876067233)}]",full_sl,Fib=0.25-0.5 Sig=SHORT Phase=compressing CI=45.216051270214145 WR=-27.586206896551218 ST=bullish Veto=False,100,0.25,0.5,0.0660862683023349,compressing,45.216051270214145,-27.586206896551218,-18.08510638297895,0,1,0,-0.6521762760012707,bearish,1.0325605719120698,0.44956772334294026,20,0
SOLUSDT,2026-05-17T21:00:00+00:00,bearish,86.66,86.633811,87.11388,85.75224,4.422639416679814,5.078,"['be_50%@17259', {'type': 'tp1', 'contracts': np.float64(2.6535836500078887), 'price': np.float64(85.75224), 'pnl': np.float64(2.3393220128377377), 'comm': np.float64(0.11377537100777624)}, {'type': 'tp2', 'contracts': np.float64(1.7690557666719258), 'price': np.float64(84.87066914285714), 'pnl': np.float64(3.1190960171169833), 'comm': np.float64(0.07507047333423825)}]",tp2_reached,Fib=0.25-0.5 Sig=SHORT Phase=compressing CI=39.07345991695076 WR=-67.85714285714177 ST=bullish Veto=False,100,0.25,0.5,0.0660862683023349,compressing,39.07345991695076,-67.85714285714177,-20.652173913043192,0,1,0,-0.6722978766486158,bearish,0.5331796239318346,0.44956772334294026,21,0
SOLUSDT,2026-05-23T07:00:00+00:00,bearish,84.23,84.204083,84.65898,83.37204000000001,4.8569106611648145,5.2515,"['be_50%@18813', {'type': 'tp1', 'contracts': np.float64(2.9141463966988885), 'price': np.float64(83.37204000000001), 'pnl': np.float64(2.424693861428613), 'comm': np.float64(0.12147916497571783)}, {'type': 'tp2', 'contracts': np.float64(1.942764264465926), 'price': np.float64(82.53999742857145), 'pnl': np.float64(3.2329251485714847), 'comm': np.float64(0.08017787869666902)}]",tp2_reached,Fib=0.25-0.5 Sig=SHORT Phase=expanding CI=50.616490294285924 WR=-83.87096774193579 ST=bearish Veto=False,100,0.25,0.5,0.0660862683023349,expanding,50.616490294285924,-83.87096774193579,-75.75757575757615,1,0,1,-0.4660812443808967,bearish,1.1025522335302955,0.757763975155279,7,0
SOLUSDT,2026-05-24T15:00:00+00:00,bearish,85.35,85.305287,86.63292,82.78415999999999,1.6854438913756966,-0.1904,"['be_50%@19267', {'type': 'sl_full', 'contracts': np.float64(1.6854438913756966), 'price': np.float64(85.33292999999999), 'pnl': np.float64(-0.0465904847115894), 'comm': np.float64(0.07191193280084496)}]",full_sl,Fib=0.25-0.5 Sig=SHORT Phase=compressing CI=28.856891394449786 WR=-43.137254901961455 ST=bearish Veto=False,100,0.25,0.5,0.0660862683023349,compressing,28.856891394449786,-43.137254901961455,-62.83185840707998,1,0,1,-0.25365390873723626,bearish,0.27518259122467814,0.6153846153846169,15,0
SOLUSDT,2026-05-27T06:00:00+00:00,bullish,83.89,83.918421,82.69428,86.28143999999999,1.8059694671809974,-2.3822,"[{'type': 'sl_full', 'contracts': np.float64(1.8059694671809974), 'price': np.float64(82.68263714285715), 'pnl': np.float64(-2.231787656039529), 'comm': np.float64(0.07466115907300273)}]",full_sl,Fib=0.25-0.5 Sig=LONG Phase=compressing CI=41.103405698356305 WR=-13.51351351351258 ST=bullish Veto=False,95,0.25,0.5,0.0660862683023349,compressing,41.103405698356305,-13.51351351351258,-18.181818181818183,0,1,0,-0.7541324439868198,bearish,0.6624160877982266,0.4370370370370309,6,0
SOLUSDT,2026-06-04T12:00:00+00:00,bullish,69.06,69.113812,67.81692,71.54616000000001,1.708418141453043,-0.1864,"['be_50%@22329', {'type': 'sl_full', 'contracts': np.float64(1.708418141453043), 'price': np.float64(69.073812), 'pnl': np.float64(-0.06833672565813241), 'comm': np.float64(0.05900347676005845)}]",full_sl,Fib=0.0-0.25 Sig=LONG Phase=trending CI=59.17700695772911 WR=-0.588235294117116 ST=bearish Veto=False,95,0.0,0.25,0.11830089820359287,trending,59.17700695772911,-0.588235294117116,-46.60194174757315,0,0,1,-0.6547602252467286,bearish,1.3407956145726068,0.40948275862068956,12,0
SOLUSDT,2026-06-04T13:00:00+00:00,bullish,70.04,70.096651,68.77928,72.56144000000002,1.6822964302655088,-2.4047,"[{'type': 'sl_full', 'contracts': np.float64(1.6822964302655088), 'price': np.float64(68.73663714285715), 'pnl': np.float64(-2.2879462166549915), 'comm': np.float64(0.05781769964694208)}]",full_sl,Fib=0.0-0.25 Sig=LONG Phase=trending CI=45.45731161037607 WR=-16.504854368931497 ST=bullish Veto=False,95,0.0,0.25,0.11830089820359287,trending,45.45731161037607,-16.504854368931497,-19.601328903654185,0,1,0,-0.6860028754408302,bearish,0.7320101265276378,0.40948275862068956,13,0
SOLUSDT,2026-06-04T15:00:00+00:00,bullish,69.77,69.816383,68.88195999999999,71.54608,2.347680140228442,-2.4326,"[{'type': 'sl_full', 'contracts': np.float64(2.347680140228442), 'price': np.float64(68.84953142857142), 'pnl': np.float64(-2.2698572266428747), 'comm': np.float64(0.08081833879944555)}]",full_sl,Fib=0.0-0.25 Sig=LONG Phase=trending CI=50.351375542464794 WR=-80.5555555555561 ST=bullish Veto=False,95,0.0,0.25,0.11830089820359287,trending,50.351375542464794,-80.5555555555561,-13.25757575757554,0,1,0,-0.6325109696600538,bearish,1.073358358143536,0.40948275862068956,15,0
SOLUSDT,2026-06-07T22:00:00+00:00,bullish,64.67,64.703291,63.51272,66.98456,1.7699644331844047,2.2925,"['be_50%@23306', {'type': 'tp1', 'contracts': np.float64(1.0619786599106427), 'price': np.float64(66.98456), 'pnl': np.float64(2.4226588438044603), 'comm': np.float64(0.03556808663175202)}, {'type': 'sl_rem', 'contracts': np.float64(0.7079857732737619), 'price': np.float64(64.682934), 'pnl': np.float64(-0.01441256752735424), 'comm': np.float64(0.022897298522802853)}]",tp1_partial_then_sl,Fib=0.0-0.25 Sig=LONG Phase=trending CI=31.795485598842944 WR=-41.93548387096826 ST=bullish Veto=False,100,0.0,0.25,0.15915516381174122,trending,31.795485598842944,-41.93548387096826,-4.67532467532449,1,1,0,-0.3134668869294983,bearish,2.3813730122366352,0.613908872901679,22,0
SOLUSDT,2026-06-08T09:00:00+00:00,bullish,65.81,65.843448,65.24924,66.93152,1.2380413686617167,-0.1066,"['be_50%@23447', {'type': 'sl_full', 'contracts': np.float64(1.2380413686617167), 'price': np.float64(65.823162), 'pnl': np.float64(-0.025114553478573068), 'comm': np.float64(0.04074589878606095)}]",full_sl,Fib=0.0-0.25 Sig=LONG Phase=trending CI=52.77203127003287 WR=-50.0 ST=bearish Veto=False,80,0.0,0.25,0.15915516381174122,trending,52.77203127003287,-50.0,-30.769230769230674,0,0,1,-0.028562517430618106,neutral,0.7757064524845213,0.36024844720497684,9,0
SOLUSDT,2026-06-08T11:00:00+00:00,bullish,66.08,66.113216,65.3191,67.60179999999998,1.3675469510102176,-0.1178,"['be_50%@23464', {'type': 'sl_full', 'contracts': np.float64(1.3675469510102176), 'price': np.float64(66.093216), 'pnl': np.float64(-0.02735093902019891), 'comm': np.float64(0.04519278801162987)}]",full_sl,Fib=0.0-0.25 Sig=LONG Phase=trending CI=57.87112770624183 WR=-59.090909090909484 ST=bullish Veto=False,90,0.0,0.25,0.15915516381174122,trending,57.87112770624183,-59.090909090909484,-6.422018348624511,1,1,0,0.045396140268094076,neutral,0.9127735887709022,0.36024844720497684,11,0
XRPUSDT,2026-04-06T18:00:00+00:00,bearish,1.337,1.336455,1.3565075999999998,1.3018863200000002,106.59264579905525,2.0576,"['be_50%@5459', {'type': 'tp1', 'contracts': np.float64(63.95558747943315), 'price': np.float64(1.3018863200000002), 'pnl': np.float64(2.2108437920660178), 'comm': np.float64(0.04163145221351866)}, {'type': 'sl_rem', 'contracts': np.float64(42.6370583196221), 'price': np.float64(1.3367326), 'pnl': np.float64(-0.011847011204526796), 'comm': np.float64(0.02849717291197004)}]",tp1_partial_then_sl,Fib=0.25-0.5 Sig=SHORT Phase=compressing CI=50.298777097642734 WR=-83.05084745762716 ST=bearish Veto=False,95,0.25,0.5,0.0381736808454623,compressing,50.298777097642734,-83.05084745762716,-69.68085106382946,0,0,1,-0.012160080372502671,neutral,0.7488510974566311,0.47872340425532733,18,0
XRPUSDT,2026-04-06T19:00:00+00:00,bearish,1.3397,1.339234,1.3549044000000001,1.3123320799999996,138.7908301329157,2.0445,"['be_50%@5458', {'type': 'tp1', 'contracts': np.float64(83.2744980797494), 'price': np.float64(1.3123320799999996), 'pnl': np.float64(2.2402607782083463), 'comm': np.float64(0.054641897637976757)}, {'type': 'sl_rem', 'contracts': np.float64(55.51633205316628), 'price': np.float64(1.3394320599999998), 'pnl': np.float64(-0.010984302841947659), 'comm': np.float64(0.03718017750280826)}]",tp1_partial_then_sl,Fib=0.25-0.5 Sig=SHORT Phase=compressing CI=46.241045203823894 WR=-54.09836065573908 ST=bullish Veto=False,95,0.25,0.5,0.0381736808454623,compressing,46.241045203823894,-54.09836065573908,-82.44680851063781,0,1,0,-0.03592647731557745,neutral,0.6470493741102434,0.47872340425532733,19,0
XRPUSDT,2026-04-21T04:00:00+00:00,bullish,1.4259,1.426361,1.416661,1.4425302,231.72411115658002,1.9002,"['be_50%@9582', {'type': 'tp1', 'contracts': np.float64(139.03446669394802), 'price': np.float64(1.4425302), 'pnl': np.float64(2.2480907967971273), 'comm': np.float64(0.1002807085234571)}, {'type': 'sl_rem', 'contracts': np.float64(92.68964446263202), 'price': np.float64(1.4261851799999998), 'pnl': np.float64(-0.016286894669872157), 'comm': np.float64(0.06609629863603741)}]",tp1_partial_then_sl,Fib=0.5-0.75 Sig=LONG Phase=compressing CI=47.64431085425945 WR=-0.0 ST=bullish Veto=False,100,0.5,0.75,0.04147093627855274,compressing,47.64431085425945,-0.0,-58.06451612903139,0,1,0,-0.03809423455865779,neutral,0.46277991749305625,0.8270270270270337,4,0
XRPUSDT,2026-04-21T05:00:00+00:00,bullish,1.4287,1.429131,1.416661,1.4503702000000003,180.1978195715598,-0.2836,"['be_50%@9583', {'type': 'sl_full', 'contracts': np.float64(180.1978195715598), 'price': np.float64(1.4289857400000001), 'pnl': np.float64(-0.026128683837887298), 'comm': np.float64(0.12875005727342595)}]",full_sl,Fib=0.5-0.75 Sig=LONG Phase=compressing CI=41.99331840696057 WR=-9.433962264149757 ST=bullish Veto=False,100,0.5,0.75,0.04147093627855274,compressing,41.99331840696057,-9.433962264149757,-21.739130434783377,1,1,0,0.6815734317996822,bullish,0.7172394176473094,0.8270270270270337,5,0
XRPUSDT,2026-04-21T21:00:00+00:00,bullish,1.4234,1.424025,1.4087768,1.4497217599999999,148.0624570464153,2.0508,"['be_50%@9819', {'type': 'tp1', 'contracts': np.float64(88.83747422784917), 'price': np.float64(1.4497217599999999), 'pnl': np.float64(2.2828636822309623), 'comm': np.float64(0.06439480974577606)}, {'type': 'sl_rem', 'contracts': np.float64(59.22498281856612), 'price': np.float64(1.42368468), 'pnl': np.float64(-0.020136494158312892), 'comm': np.float64(0.042158850356027906)}]",tp1_partial_then_sl,Fib=0.5-0.75 Sig=LONG Phase=compressing CI=56.047984703866575 WR=-33.333333333333336 ST=bearish Veto=False,100,0.5,0.75,0.04147093627855274,compressing,56.047984703866575,-33.333333333333336,-42.36453201970418,0,0,1,0.4456578358817561,bullish,0.2438318975202592,0.908675799086758,21,0
XRPUSDT,2026-04-21T22:00:00+00:00,bullish,1.4211,1.421593,1.4087768,1.44328176,178.19301726443476,2.0496,"['be_50%@9789', {'type': 'tp1', 'contracts': np.float64(106.91581035866085), 'price': np.float64(1.44328176), 'pnl': np.float64(2.3188936506578335), 'comm': np.float64(0.07715481947313714)}, {'type': 'sl_rem', 'contracts': np.float64(71.27720690577391), 'price': np.float64(1.42138422), 'pnl': np.float64(-0.014866388868911947), 'comm': np.float64(0.05065614857077103)}]",tp1_partial_then_sl,Fib=0.5-0.75 Sig=LONG Phase=compressing CI=54.03939627652205 WR=-86.53846153846268 ST=bearish Veto=False,100,0.5,0.75,0.04147093627855274,compressing,54.03939627652205,-86.53846153846268,-43.84236453201928,0,0,1,0.4111007367973893,bullish,0.6584769587144387,0.908675799086758,22,0
XRPUSDT,2026-04-21T23:00:00+00:00,bullish,1.4246,1.425111,1.4138666,1.4439201200000003,207.45071929146727,2.0257,"['be_50%@9818', {'type': 'tp1', 'contracts': np.float64(124.47043157488035), 'price': np.float64(1.4439201200000003), 'pnl': np.float64(2.3412248045587223), 'comm': np.float64(0.08986268024802652)}, {'type': 'sl_rem', 'contracts': np.float64(82.98028771658691), 'price': np.float64(1.42488492), 'pnl': np.float64(-0.01872983637031432), 'comm': np.float64(0.05911868031231297)}]",tp1_partial_then_sl,Fib=0.5-0.75 Sig=LONG Phase=compressing CI=49.64632646962058 WR=-16.84210526315632 ST=bearish Veto=False,100,0.5,0.75,0.04147093627855274,compressing,49.64632646962058,-16.84210526315632,-29.31034482758667,0,0,1,0.4192834161478312,bullish,1.5795166436041226,0.908675799086758,23,0
XRPUSDT,2026-05-01T09:00:00+00:00,bullish,1.3777,1.378101,1.3690563999999998,1.39325848,130.56116391673112,2.5893,"['be_50%@12533', {'type': 'tp1', 'contracts': np.float64(78.33669835003867), 'price': np.float64(1.39325848), 'pnl': np.float64(1.1874229733879968), 'comm': np.float64(0.0545716346356967)}, {'type': 'tp2', 'contracts': np.float64(52.22446556669245), 'price': np.float64(1.4084164200000002), 'pnl': np.float64(1.5832306311839957), 'comm': np.float64(0.03677689741492714)}]",tp2_reached,Fib=0.25-0.5 Sig=LONG Phase=compressing CI=51.668680886182045 WR=-44.77611940298725 ST=bullish Veto=False,90,0.25,0.5,0.043265183965881686,compressing,51.668680886182045,-44.77611940298725,-22.471910112359243,1,1,0,-0.5719016187650772,bearish,0.4157781769250942,0.3406593406593235,9,0
XRPUSDT,2026-05-01T10:00:00+00:00,bullish,1.3747,1.375082,1.3688567999999999,1.3852177600000004,130.97144720189672,1.6775,"['be_50%@12530', {'type': 'tp1', 'contracts': np.float64(78.58286832113804), 'price': np.float64(1.3852177600000004), 'pnl': np.float64(0.7964905822627449), 'comm': np.float64(0.05442719241509091)}, {'type': 'tp2', 'contracts': np.float64(52.38857888075869), 'price': np.float64(1.395353437142858), 'pnl': np.float64(1.0619874430169933), 'comm': np.float64(0.03655029180414819)}]",tp2_reached,Fib=0.25-0.5 Sig=LONG Phase=compressing CI=51.151852663458335 WR=-87.75510204081743 ST=bullish Veto=False,80,0.25,0.5,0.043265183965881686,compressing,51.151852663458335,-87.75510204081743,-80.21978021978019,0,1,0,-0.5395429265409118,bearish,0.4701374771473053,0.3406593406593235,10,0
XRPUSDT,2026-05-01T11:00:00+00:00,bullish,1.3772,1.377593,1.3688567999999999,1.39221776,139.09764031236278,2.6549,"['be_50%@12533', {'type': 'tp1', 'contracts': np.float64(83.45858418741767), 'price': np.float64(1.39221776), 'pnl': np.float64(1.2205369645586341), 'comm': np.float64(0.058096261565089034)}, {'type': 'tp2', 'contracts': np.float64(55.639056124945114), 'price': np.float64(1.406842222857143), 'pnl': np.float64(1.6273826194115122), 'comm': np.float64(0.03913768669824557)}]",tp2_reached,Fib=0.25-0.5 Sig=LONG Phase=compressing CI=47.171491619377846 WR=-0.0 ST=bullish Veto=False,90,0.25,0.5,0.043265183965881686,compressing,47.171491619377846,-0.0,-36.26373626373672,1,1,0,-0.5523570532423602,bearish,1.3792688560262438,0.3406593406593235,11,0
XRPUSDT,2026-05-16T20:00:00+00:00,bearish,1.4177,1.417306,1.421838,1.4102516,380.3547607566918,-0.5809,"['be_50%@16960', {'type': 'sl_full', 'contracts': np.float64(380.3547607566918), 'price': np.float64(1.41741646), 'pnl': np.float64(-0.04183902368325683), 'comm': np.float64(0.26956054926794853)}]",full_sl,Fib=0.5-0.75 Sig=SHORT Phase=compressing CI=66.06301698687979 WR=-0.0 ST=bearish Veto=False,86,0.5,0.75,0.04789095923346182,compressing,66.06301698687979,-0.0,-30.188679245283414,0,0,1,-0.8109711046987641,bearish,1.308280242978139,0.3802816901408288,20,0
XRPUSDT,2026-05-16T22:00:00+00:00,bearish,1.4132,1.412795,1.4219382,1.39747124,269.1799125650768,-0.4134,"['be_50%@17012', {'type': 'sl_full', 'contracts': np.float64(269.1799125650768), 'price': np.float64(1.41291736), 'pnl': np.float64(-0.03307067497226698), 'comm': np.float64(0.19016448571323957)}]",full_sl,Fib=0.25-0.5 Sig=SHORT Phase=compressing CI=51.72078762109756 WR=-100.0 ST=bearish Veto=False,96,0.25,0.5,0.050299868169411614,compressing,51.72078762109756,-100.0,-69.01408450704301,0,0,1,-0.8028717043682778,bearish,1.4330630679953498,0.3802816901408288,22,0
XRPUSDT,2026-05-16T23:00:00+00:00,bearish,1.4132,1.412806,1.4197338000000002,1.4014391599999998,359.04789943221266,-0.5473,"['be_50%@17011', {'type': 'sl_full', 'contracts': np.float64(359.04789943221266), 'price': np.float64(1.41291736), 'pnl': np.float64(-0.0400081945081496), 'comm': np.float64(0.2536525050896537)}]",full_sl,Fib=0.25-0.5 Sig=SHORT Phase=compressing CI=49.18429544550404 WR=-67.56756756756546 ST=bearish Veto=False,100,0.25,0.5,0.050299868169411614,compressing,49.18429544550404,-67.56756756756546,-78.87323943661923,0,0,1,-0.8004566775566119,bearish,1.7300925508444651,0.3802816901408288,23,0
XRPUSDT,2026-05-19T00:00:00+00:00,bearish,1.3899,1.389442,1.3991928,1.3731729599999998,251.5644119427261,-0.3948,"['be_50%@17592', {'type': 'sl_full', 'contracts': np.float64(251.5644119427261), 'price': np.float64(1.38962202), 'pnl': np.float64(-0.04528159414970805), 'comm': np.float64(0.1747897231419816)}]",full_sl,Fib=0.25-0.5 Sig=SHORT Phase=compressing CI=51.508488878850685 WR=-81.03448275862287 ST=bearish Veto=False,91,0.25,0.5,0.050299868169411614,compressing,51.508488878850685,-81.03448275862287,-24.113475177305457,0,0,1,-0.5378222246118002,bearish,0.6884522195474236,0.34010152284263506,0,0
XRPUSDT,2026-05-19T01:00:00+00:00,bearish,1.3914,1.390917,1.4004953999999998,1.3750282800000002,170.91534851367186,-0.2727,"['be_50%@17592', {'type': 'sl_full', 'contracts': np.float64(170.91534851367186), 'price': np.float64(1.39112172), 'pnl': np.float64(-0.03491556405349744), 'comm': np.float64(0.11888202679936932)}]",full_sl,Fib=0.25-0.5 Sig=SHORT Phase=compressing CI=64.63469267705179 WR=-74.11764705882362 ST=bullish Veto=False,81,0.25,0.5,0.050299868169411614,compressing,64.63469267705179,-74.11764705882362,-68.1318681318688,0,1,0,-0.5272175852139219,bearish,1.2457227077278055,0.34010152284263506,1,0
XRPUSDT,2026-05-19T03:00:00+00:00,bearish,1.3788,1.378278,1.3987919999999998,1.3428144000000004,116.43283607987262,-0.1892,"['be_50%@17800', {'type': 'sl_full', 'contracts': np.float64(116.43283607987262), 'price': np.float64(1.37852424), 'pnl': np.float64(-0.028692377462535956), 'comm': np.float64(0.0802527434340255)}]",full_sl,Fib=0.25-0.5 Sig=SHORT Phase=compressing CI=45.234660905442475 WR=-92.23300970873672 ST=bearish Veto=False,100,0.25,0.5,0.050299868169411614,compressing,45.234660905442475,-92.23300970873672,-84.26395939086247,1,0,1,-0.7479723371606484,bearish,0.7287440129861176,0.34010152284263506,3,0
XRPUSDT,2026-05-24T13:00:00+00:00,bearish,1.3628,1.362377,1.3725395999999999,1.3452687200000002,238.7046188895537,2.112,"['be_50%@19178', {'type': 'tp1', 'contracts': np.float64(143.22277133373223), 'price': np.float64(1.3452687200000002), 'pnl': np.float64(2.4503582923728144), 'comm': np.float64(0.09633655713349135)}, {'type': 'sl_rem', 'contracts': np.float64(95.48184755582149), 'price': np.float64(1.36252744), 'pnl': np.float64(-0.014322277133382246), 'comm': np.float64(0.06504831865835187)}]",tp1_partial_then_sl,Fib=0.25-0.5 Sig=SHORT Phase=compressing CI=56.24261181535143 WR=-77.52808988764019 ST=bullish Veto=False,95,0.25,0.5,0.050299868169411614,compressing,56.24261181535143,-77.52808988764019,-83.33333333333297,0,1,0,-0.04505373800202321,neutral,0.26528177251920093,0.6339622641509414,13,0
XRPUSDT,2026-05-24T15:00:00+00:00,bearish,1.3513,1.35067,1.3670286,1.3229885199999998,149.82695407228672,-0.2563,"['be_50%@19267', {'type': 'sl_full', 'contracts': np.float64(149.82695407228672), 'price': np.float64(1.35102974), 'pnl': np.float64(-0.05393770346601063), 'comm': np.float64(0.10121033540263673)}]",full_sl,Fib=0.25-0.5 Sig=SHORT Phase=compressing CI=24.950637304572957 WR=-40.291262135922295 ST=bearish Veto=False,100,0.25,0.5,0.050299868169411614,compressing,24.950637304572957,-40.291262135922295,-62.98701298701266,1,0,1,-0.26844208525572605,bearish,0.2404401256851593,0.6339622641509414,15,0
XRPUSDT,2026-05-25T16:00:00+00:00,bearish,1.3587,1.358261,1.3684314,1.3411834800000002,161.17744337848634,1.4226,"['be_50%@19566', {'type': 'tp1', 'contracts': np.float64(96.7064660270918), 'price': np.float64(1.3411834800000002), 'pnl': np.float64(1.6515179361786947), 'comm': np.float64(0.0648505573223584)}, {'type': 'sl_rem', 'contracts': np.float64(64.47097735139454), 'price': np.float64(1.35842826), 'pnl': np.float64(-0.010775863357301489), 'comm': np.float64(0.04378959879197714)}]",tp1_partial_then_sl,Fib=0.25-0.5 Sig=SHORT Phase=compressing CI=53.73000764497451 WR=-86.4197530864185 ST=bullish Veto=False,80,0.25,0.5,0.050299868169411614,compressing,53.73000764497451,-86.4197530864185,-82.17821782178194,0,1,0,-0.08328841638755599,neutral,0.6598677699160227,0.18947368421052754,16,0
XRPUSDT,2026-05-25T19:00:00+00:00,bearish,1.3569,1.356518,1.3667280000000002,1.3392095999999998,161.0407597058332,1.4477,"['be_50%@19566', {'type': 'tp1', 'contracts': np.float64(96.62445582349993), 'price': np.float64(1.3392095999999998), 'pnl': np.float64(1.6724056208696578), 'comm': np.float64(0.0647001994168035)}, {'type': 'sl_rem', 'contracts': np.float64(64.41630388233328), 'price': np.float64(1.35662862), 'pnl': np.float64(-0.007131805072680494), 'comm': np.float64(0.043694500720695216)}]",tp1_partial_then_sl,Fib=0.25-0.5 Sig=SHORT Phase=compressing CI=53.012618225359795 WR=-90.14084507042347 ST=bullish Veto=False,80,0.25,0.5,0.050299868169411614,compressing,53.012618225359795,-90.14084507042347,-79.48717948718182,0,1,0,-0.07856612413261616,neutral,4.014612404439598,0.18947368421052754,19,0
XRPUSDT,2026-05-31T04:00:00+00:00,bearish,1.345,1.344605,1.3488924,1.3379936799999999,307.750700886681,0.7922,"['be_50%@21097', {'type': 'tp1', 'contracts': np.float64(184.65042053200858), 'price': np.float64(1.3379936799999999), 'pnl': np.float64(1.220835775534697), 'comm': np.float64(0.12353054784058484)}, {'type': 'sl_rem', 'contracts': np.float64(123.1002803546724), 'price': np.float64(1.344731), 'pnl': np.float64(-0.015475463816015817), 'comm': np.float64(0.08276838155080948)}]",tp1_partial_then_sl,Fib=0.25-0.5 Sig=SHORT Phase=compressing CI=54.39690127292387 WR=-8.888888888888012 ST=bullish Veto=False,100,0.25,0.5,0.052665010181777466,compressing,54.39690127292387,-8.888888888888012,-24.242424242423766,0,1,0,-0.3043612398229385,bearish,0.31902477124182055,0.6739130434782654,4,0
XRPUSDT,2026-05-31T06:00:00+00:00,bearish,1.3416,1.341202,1.3494936,1.3273915199999997,152.50709770284334,-0.2243,"['be_50%@21113', {'type': 'sl_full', 'contracts': np.float64(152.50709770284334), 'price': np.float64(1.34133168), 'pnl': np.float64(-0.019716989060137358), 'comm': np.float64(0.1022813007868395)}]",full_sl,Fib=0.25-0.5 Sig=SHORT Phase=compressing CI=52.289320052111606 WR=-94.44444444444512 ST=bullish Veto=False,100,0.25,0.5,0.052665010181777466,compressing,52.289320052111606,-94.44444444444512,-72.15189873417754,0,1,0,-0.27219584313185163,bearish,2.4179193979879594,0.6739130434782654,6,0
XRPUSDT,2026-06-14T04:00:00+00:00,bearish,1.1534,1.153039,1.158312,1.1445584,163.1579809223835,0.6339,"['be_50%@25112', {'type': 'tp1', 'contracts': np.float64(97.8947885534301), 'price': np.float64(1.1445584), 'pnl': np.float64(0.8301679452895833), 'comm': np.float64(0.05602315127752614)}, {'type': 'sl_rem', 'contracts': np.float64(65.2631923689534), 'price': np.float64(1.15316932), 'pnl': np.float64(-0.008530831573943827), 'comm': np.float64(0.03762975558256759)}]",tp1_partial_then_sl,Fib=0.0-0.25 Sig=SHORT Phase=compressing CI=60.42671422107301 WR=-28.947368421055092 ST=bullish Veto=False,85,0.0,0.25,0.11891724597657372,compressing,60.42671422107301,-28.947368421055092,-48.78048780487818,0,1,0,-0.05785238100500954,neutral,0.48315136431891736,0.6324786324786174,4,0
XRPUSDT,2026-06-14T05:00:00+00:00,bearish,1.1481,1.147738,1.156809,1.1324237999999998,138.5810548911364,1.1075,"['be_50%@25207', {'type': 'tp1', 'contracts': np.float64(83.14863293468184), 'price': np.float64(1.1324237999999998), 'pnl': np.float64(1.2733151207120257), 'comm': np.float64(0.047079745436348776)}, {'type': 'sl_rem', 'contracts': np.float64(55.43242195645456), 'price': np.float64(1.1478703799999999), 'pnl': np.float64(-0.007364593202786878), 'comm': np.float64(0.03181461762773792)}]",tp1_partial_then_sl,Fib=0.0-0.25 Sig=SHORT Phase=compressing CI=54.04378283587906 WR=-83.11688311688506 ST=bullish Veto=False,95,0.0,0.25,0.11891724597657372,compressing,54.04378283587906,-83.11688311688506,-84.78260869565123,0,1,0,-0.03763051014018361,neutral,0.5252330170459317,0.6324786324786174,5,0
BNBUSDT,2026-03-26T00:00:00+00:00,bearish,647.96,647.775908,651.56052,642.1991680000001,0.6750185380127375,4.8355,"['be_50%@2043', {'type': 'tp1', 'contracts': np.float64(0.40501112280764245), 'price': np.float64(642.1991680000001), 'pnl': np.float64(2.258641729006281), 'comm': np.float64(0.13004890304890693)}, {'type': 'tp2', 'contracts': np.float64(0.270007415205095), 'price': np.float64(636.6224280000001), 'pnl': np.float64(3.0115223053417086), 'comm': np.float64(0.08594638812293587)}]",tp2_reached,Fib=0.5-0.75 Sig=SHORT Phase=compressing CI=55.64055897385272 WR=-48.13278008298687 ST=bullish Veto=False,95,0.5,0.75,0.014125931089580298,compressing,55.64055897385272,-48.13278008298687,-64.66666666666596,0,1,0,0.31272573908604706,bullish,1.185465888845878,0.668067226890755,0,0
BNBUSDT,2026-03-26T01:00:00+00:00,bearish,647.18,646.978993,650.5985999999999,641.71024,0.7321566787677483,4.9296,"['be_50%@2046', {'type': 'tp1', 'contracts': np.float64(0.43929400726064893), 'price': np.float64(641.71024), 'pnl': np.float64(2.31453143036769), 'comm': np.float64(0.1409497314148964)}, {'type': 'tp2', 'contracts': np.float64(0.2928626715070993), 'price': np.float64(636.4414874285715), 'pnl': np.float64(3.08604190715692), 'comm': np.float64(0.0931949771331417)}]",tp2_reached,Fib=0.5-0.75 Sig=SHORT Phase=compressing CI=55.98086975488662 WR=-59.174311926607324 ST=bullish Veto=False,95,0.5,0.75,0.014125931089580298,compressing,55.98086975488662,-59.174311926607324,-83.48837209302488,0,1,0,0.3067138978608875,bullish,0.8516059778492429,0.668067226890755,1,0
BNBUSDT,2026-03-26T02:00:00+00:00,bearish,646.42,646.223716,649.76694,641.064896,0.7699255369208247,5.0659,"['be_50%@2046', {'type': 'tp1', 'contracts': np.float64(0.4619553221524948), 'price': np.float64(641.064896), 'pnl': np.float64(2.3831443550267295), 'comm': np.float64(0.1480716702761678)}, {'type': 'tp2', 'contracts': np.float64(0.30797021476832986), 'price': np.float64(635.906076), 'pnl': np.float64(3.1775258067023056), 'comm': np.float64(0.09792006539910295)}]",tp2_reached,Fib=0.5-0.75 Sig=SHORT Phase=compressing CI=53.695916488227276 WR=-70.40816326530867 ST=bullish Veto=False,95,0.5,0.75,0.014125931089580298,compressing,53.695916488227276,-70.40816326530867,-93.50961538461577,0,1,0,0.3308878528207065,bullish,1.0487960386857447,0.668067226890755,2,0
BNBUSDT,2026-03-28T12:00:00+00:00,bullish,612.74,612.893405,609.2390800000001,618.341472,0.7577674359514929,2.002,"['be_50%@2756', {'type': 'tp1', 'contracts': np.float64(0.4546604615708957), 'price': np.float64(618.341472), 'pnl': np.float64(2.4770205919376727), 'comm': np.float64(0.14056770953397352)}, {'type': 'sl_rem', 'contracts': np.float64(0.3031069743805972), 'price': np.float64(612.862548), 'pnl': np.float64(-0.009353015209458783), 'comm': np.float64(0.09288145631773174)}]",tp1_partial_then_sl,Fib=0.0-0.25 Sig=LONG Phase=compressing CI=49.82332682082966 WR=-17.24137931034432 ST=bearish Veto=False,95,0.0,0.25,0.02085465289010661,compressing,49.82332682082966,-17.24137931034432,-6.312292358805819,0,0,1,-0.5095986282793469,bearish,0.6325766432509548,0.5789473684210502,12,0
BNBUSDT,2026-04-14T10:00:00+00:00,bullish,617.87,618.047003,612.18318,626.968912,0.4717774112867042,-0.3168,"['be_50%@7655', {'type': 'sl_full', 'contracts': np.float64(0.4717774112867042), 'price': np.float64(617.993574), 'pnl': np.float64(-0.0252063931172968), 'comm': np.float64(0.14577770426676911)}]",full_sl,Fib=0.5-0.75 Sig=LONG Phase=compressing CI=39.82899283345093 WR=-67.36842105263095 ST=bullish Veto=False,100,0.5,0.75,0.03508979302361589,compressing,39.82899283345093,-67.36842105263095,-10.309278350515967,1,1,0,0.7099402301323333,bullish,0.3924420245902736,0.4807370184254592,10,0
BNBUSDT,2026-04-14T11:00:00+00:00,bullish,617.83,618.006709,615.4666000000001,621.61144,1.1331816882376236,-3.6375,"[{'type': 'sl_full', 'contracts': np.float64(1.1331816882376236), 'price': np.float64(615.4134571428573), 'pnl': np.float64(-2.938625355619203), 'comm': np.float64(0.3486876301646477)}]",full_sl,Fib=0.5-0.75 Sig=LONG Phase=compressing CI=36.4635732614111 WR=-73.0232558139513 ST=bullish Veto=False,100,0.5,0.75,0.03508979302361589,compressing,36.4635732614111,-73.0232558139513,-42.07011686143536,1,1,0,0.7184045107268077,bullish,0.7480196220671586,0.4807370184254592,11,0
BNBUSDT,2026-04-24T00:00:00+00:00,bearish,638.29,638.121628,641.06958,633.842672,0.4719417237588675,0.9034,"['be_50%@10407', {'type': 'tp1', 'contracts': np.float64(0.28316503425532047), 'price': np.float64(633.842672), 'pnl': np.float64(1.2116506414126935), 'comm': np.float64(0.08974104096468193)}, {'type': 'sl_rem', 'contracts': np.float64(0.188776689503547), 'price': np.float64(638.162342), 'pnl': np.float64(-0.007685908072652754), 'comm': np.float64(0.06023508714429519)}]",tp1_partial_then_sl,Fib=0.75-1.0 Sig=SHORT Phase=compressing CI=58.27854560516796 WR=-56.54761904761961 ST=bearish Veto=False,95,0.75,1.0,0.033116452417801125,compressing,58.27854560516796,-56.54761904761961,-33.105802047779186,0,0,1,0.6420986193376651,bullish,2.0063121061111637,0.5777126099706712,0,0
BNBUSDT,2026-04-24T01:00:00+00:00,bearish,638.92,638.729645,641.70084,634.470656,0.31610960602703675,0.5984,"['be_50%@10402', {'type': 'tp1', 'contracts': np.float64(0.18966576361622203), 'price': np.float64(634.470656), 'pnl': np.float64(0.8077843196327523), 'comm': np.float64(0.06016868073116266)}, {'type': 'sl_rem', 'contracts': np.float64(0.12644384241081472), 'price': np.float64(638.7922159999999), 'pnl': np.float64(-0.007911771853709157), 'comm': np.float64(0.04038567114657955)}]",tp1_partial_then_sl,Fib=0.75-1.0 Sig=SHORT Phase=compressing CI=60.74609669472249 WR=-64.10256410256635 ST=bullish Veto=False,85,0.75,1.0,0.033116452417801125,compressing,60.74609669472249,-64.10256410256635,-67.4825174825154,0,1,0,0.6340450041216299,bullish,0.8937570718466139,0.5777126099706712,1,0
BNBUSDT,2026-04-24T02:00:00+00:00,bearish,639.37,639.181269,641.70084,635.640656,0.37842239551534634,1.6348,"['be_50%@10402', {'type': 'tp1', 'contracts': np.float64(0.2270534373092078), 'price': np.float64(635.640656), 'pnl': np.float64(0.8039083193954553), 'comm': np.float64(0.07216219791913986)}, {'type': 'tp2', 'contracts': np.float64(0.15136895820613855), 'price': np.float64(632.1000431428572), 'pnl': np.float64(1.0718777591939403), 'comm': np.float64(0.04784016250629476)}]",tp2_reached,Fib=0.75-1.0 Sig=SHORT Phase=compressing CI=62.305409674396834 WR=-22.70916334661459 ST=bullish Veto=False,85,0.75,1.0,0.033116452417801125,compressing,62.305409674396834,-22.70916334661459,-72.90969899665362,0,1,0,0.6443730844556067,bullish,1.4282102387028373,0.5777126099706712,2,0
BNBUSDT,2026-05-05T23:00:00+00:00,bearish,631.48,631.252061,636.27,623.816,0.18584890891158246,-1.0693,"[{'type': 'sl_full', 'contracts': np.float64(0.18584890891158246), 'price': np.float64(636.3716428571429), 'pnl': np.float64(-0.9514686756837049), 'comm': np.float64(0.05913448774363562)}]",full_sl,Fib=0.5-0.75 Sig=SHORT Phase=compressing CI=58.78430691333385 WR=-71.04677060133484 ST=bullish Veto=False,80,0.5,0.75,0.026176515535394053,compressing,58.78430691333385,-71.04677060133484,-58.92116182572619,0,1,0,0.6779001931973407,bullish,0.7307594896804425,0.24763705103971043,23,0
BNBUSDT,2026-05-06T00:00:00+00:00,bullish,630.89,631.074607,628.4505800000001,634.7930719999998,1.0882135476084485,4.9755,"['be_50%@13839', {'type': 'tp1', 'contracts': np.float64(0.6529281285650691), 'price': np.float64(634.7930719999998), 'pnl': np.float64(2.4278906734109893), 'comm': np.float64(0.20723712626351554)}, {'type': 'tp2', 'contracts': np.float64(0.4352854190433794), 'price': np.float64(638.5115374285712), 'pnl': np.float64(3.237187564547986), 'comm': np.float64(0.13896738106681403)}]",tp2_reached,Fib=0.5-0.75 Sig=LONG Phase=compressing CI=53.832418682596916 WR=-59.86394557823219 ST=bearish Veto=False,100,0.5,0.75,0.029983404608412527,compressing,53.832418682596916,-59.86394557823219,-73.15689981096467,0,0,1,0.690312331835911,bullish,1.148157752866713,0.6761363636363659,0,0
BNBUSDT,2026-05-06T01:00:00+00:00,bullish,631.84,632.049654,627.7120600000001,638.444704,0.6611632966426847,-0.4729,"['be_50%@13861', {'type': 'sl_full', 'contracts': np.float64(0.6611632966426847), 'price': np.float64(631.966368), 'pnl': np.float64(-0.05506545742037002), 'comm': np.float64(0.20891648361709203)}]",full_sl,Fib=0.5-0.75 Sig=LONG Phase=compressing CI=54.834934571084545 WR=-8.30670926517544 ST=bullish Veto=False,100,0.5,0.75,0.029983404608412527,compressing,54.834934571084545,-8.30670926517544,-33.859649122806545,0,1,0,0.6849285770214867,bullish,1.6844345983841305,0.6761363636363659,1,0
BNBUSDT,2026-05-09T12:00:00+00:00,bearish,650.48,650.30519,651.9713399999999,648.0938560000002,1.216869182248883,-0.8458,"['be_50%@14839', {'type': 'sl_full', 'contracts': np.float64(1.216869182248883), 'price': np.float64(650.349904), 'pnl': np.float64(-0.05441143629192443), 'comm': np.float64(0.3956953779280598)}]",full_sl,Fib=0.75-1.0 Sig=SHORT Phase=compressing CI=62.30296177115805 WR=-7.78443113772447 ST=bullish Veto=False,85,0.75,1.0,0.029110570591971682,compressing,62.30296177115805,-7.78443113772447,-43.461538461537906,0,1,0,0.424821175303628,bullish,0.801518486818439,0.5382882882882923,12,0
BNBUSDT,2026-05-09T13:00:00+00:00,bearish,649.46,649.263965,651.9713399999999,645.4418560000001,0.7192606084364225,-0.5146,"['be_50%@14861', {'type': 'sl_full', 'contracts': np.float64(0.7192606084364225), 'price': np.float64(649.330108), 'pnl': np.float64(-0.04757395167227957), 'comm': np.float64(0.23351878427808395)}]",full_sl,Fib=0.75-1.0 Sig=SHORT Phase=compressing CI=66.60347788169527 WR=-75.62499999999946 ST=bearish Veto=False,85,0.75,1.0,0.029110570591971682,compressing,66.60347788169527,-75.62499999999946,-57.14285714285569,0,0,1,0.4447200553736985,bullish,1.8564888564824418,0.5382882882882923,13,0
BNBUSDT,2026-05-09T14:00:00+00:00,bearish,648.97,648.791777,651.9713399999999,644.1678560000001,0.6001192997321803,-0.4184,"['be_50%@14869', {'type': 'sl_full', 'contracts': np.float64(0.6001192997321803), 'price': np.float64(648.8402060000001), 'pnl': np.float64(-0.029062920372719674), 'comm': np.float64(0.1946907650314018)}]",full_sl,Fib=0.75-1.0 Sig=SHORT Phase=compressing CI=64.21216021940181 WR=-64.28571428571165 ST=bearish Veto=False,85,0.75,1.0,0.029110570591971682,compressing,64.21216021940181,-64.28571428571165,-95.55555555555455,0,0,1,0.43780403898252906,bullish,1.1898758680250878,0.5382882882882923,14,0
BNBUSDT,2026-05-09T15:00:00+00:00,bearish,647.16,646.972854,651.9513,639.49392,0.5625752175406628,-3.1986,"[{'type': 'sl_full', 'contracts': np.float64(0.5625752175406628), 'price': np.float64(652.0090142857142), 'pnl': np.float64(-2.833219129041079), 'comm': np.float64(0.1834020565251294)}]",full_sl,Fib=0.75-1.0 Sig=SHORT Phase=compressing CI=45.2353173848255 WR=-88.34586466165605 ST=bearish Veto=False,95,0.75,1.0,0.029110570591971682,compressing,45.2353173848255,-88.34586466165605,-91.66666666666646,0,0,1,0.43485717074387775,bullish,0.7689961317375559,0.5382882882882923,15,0
BNBUSDT,2026-05-14T23:00:00+00:00,bearish,679.83,679.631605,683.35398,674.1916320000001,0.3756388430573826,-1.6777,"[{'type': 'sl_full', 'contracts': np.float64(0.3756388430573826), 'price': np.float64(683.4164085714285), 'pnl': np.float64(-1.4217190737827334), 'comm': np.float64(0.12835887452110145)}]",full_sl,Fib=0.75-1.0 Sig=SHORT Phase=compressing CI=53.409572159272585 WR=-94.3231441048036 ST=bullish Veto=False,100,0.75,1.0,0.028953629303766253,compressing,53.409572159272585,-94.3231441048036,-67.84968684759968,0,1,0,0.6292186613410927,bullish,1.1903509578402718,0.40501043841337564,23,0
BNBUSDT,2026-05-19T04:00:00+00:00,bullish,643.37,643.571888,639.88766,648.9417440000001,0.37651717679280683,-0.2699,"['be_50%@17661', {'type': 'sl_full', 'contracts': np.float64(0.37651717679280683), 'price': np.float64(643.4986739999999), 'pnl': np.float64(-0.02756643615802889), 'comm': np.float64(0.12114415200219737)}]",full_sl,Fib=0.25-0.5 Sig=LONG Phase=compressing CI=54.00743882012062 WR=-40.751445086705196 ST=bearish Veto=False,95,0.25,0.5,0.031625382821053885,compressing,54.00743882012062,-40.751445086705196,-47.20812182741182,0,0,1,-0.5419161325605675,bearish,0.5572862662500588,0.5677179962894162,4,0
BNBUSDT,2026-05-19T06:00:00+00:00,bullish,643.8,644.005189,639.6681000000001,650.4110399999997,0.2112243457823861,-1.0678,"[{'type': 'sl_full', 'contracts': np.float64(0.2112243457823861), 'price': np.float64(639.5916714285715), 'pnl': np.float64(-0.9322422710992955), 'comm': np.float64(0.06754866618268145)}]",full_sl,Fib=0.25-0.5 Sig=LONG Phase=compressing CI=65.45939695857452 WR=-6.557377049181917 ST=bearish Veto=False,85,0.25,0.5,0.031625382821053885,compressing,65.45939695857452,-6.557377049181917,-30.287206266318282,0,0,1,-0.523250539097095,bearish,1.4246968027016118,0.5677179962894162,6,0
BNBUSDT,2026-05-27T18:00:00+00:00,bearish,650.79,650.543985,661.2198,634.10232,0.12475102768728218,1.1443,"['be_50%@20199', {'type': 'tp1', 'contracts': np.float64(0.0748506166123693), 'price': np.float64(634.10232), 'pnl': np.float64(1.2306687526910676), 'comm': np.float64(0.023731474823666956)}, {'type': 'sl_rem', 'contracts': np.float64(0.04990041107491287), 'price': np.float64(650.659842), 'pnl': np.float64(-0.005781319054538208), 'comm': np.float64(0.016234096792868934)}]",tp1_partial_then_sl,Fib=0.5-0.75 Sig=SHORT Phase=compressing CI=38.428362676977784 WR=-92.07419898819701 ST=bearish Veto=False,100,0.5,0.75,0.03065587891466183,compressing,38.428362676977784,-92.07419898819701,-93.35410176531686,1,0,1,-0.06222759327190766,neutral,0.5590264827374051,0.4444444444444418,18,0
BNBUSDT,2026-05-27T19:00:00+00:00,bearish,653.96,653.750422,657.5625,648.1960000000001,0.3635560992152612,2.5908,"['be_50%@20132', {'type': 'tp1', 'contracts': np.float64(0.21813365952915673), 'price': np.float64(648.1960000000001), 'pnl': np.float64(1.2116064597531346), 'comm': np.float64(0.07069668278608066)}, {'type': 'tp2', 'contracts': np.float64(0.1454224396861045), 'price': np.float64(642.641577714286), 'pnl': np.float64(1.6154752796708465), 'comm': np.float64(0.0467272530374694)}]",tp2_reached,Fib=0.5-0.75 Sig=SHORT Phase=compressing CI=36.45092351395021 WR=-0.27027027027002115 ST=bearish Veto=False,95,0.5,0.75,0.03065587891466183,compressing,36.45092351395021,-0.27027027027002115,-63.13603322949045,0,0,1,-0.061010206646475745,neutral,1.4716043577124536,0.4444444444444418,19,0
BNBUSDT,2026-06-08T21:00:00+00:00,bearish,608.06,607.843674,611.66088,602.2985919999999,0.7382317654988457,5.2851,"['be_50%@23595', {'type': 'tp1', 'contracts': np.float64(0.44293905929930744), 'price': np.float64(602.2985919999999), 'pnl': np.float64(2.456133278263518), 'comm': np.float64(0.13339078587888867)}, {'type': 'tp2', 'contracts': np.float64(0.2952927061995383), 'price': np.float64(596.7535102857141), 'pnl': np.float64(3.274844371018024), 'comm': np.float64(0.08810847949317127)}]",tp2_reached,Fib=0.25-0.5 Sig=SHORT Phase=compressing CI=62.085732176728555 WR=-11.945392491468557 ST=bullish Veto=False,100,0.25,0.5,0.0783729172877539,compressing,62.085732176728555,-11.945392491468557,-13.627992633517502,0,1,0,-0.06298022804405246,neutral,1.6656195183371534,0.6213903743315434,21,0
BNBUSDT,2026-06-08T22:00:00+00:00,bearish,607.06,606.834659,611.66088,599.6985919999998,0.5950080645865977,-0.4229,"['be_50%@23607', {'type': 'sl_full', 'contracts': np.float64(0.5950080645865977), 'price': np.float64(606.938588), 'pnl': np.float64(-0.06183833814097083), 'comm': np.float64(0.1805666772844012)}]",full_sl,Fib=0.25-0.5 Sig=SHORT Phase=compressing CI=62.746695644805406 WR=-81.05515587530097 ST=bullish Veto=False,100,0.25,0.5,0.0783729172877539,compressing,62.746695644805406,-81.05515587530097,-97.177419354839,0,1,0,-0.08355733080802615,neutral,1.9239188295588023,0.6213903743315434,22,0
BNBUSDT,2026-06-08T23:00:00+00:00,bearish,606.42,606.195859,611.66088,598.0345919999999,0.5211370213765796,5.6415,"['be_50%@23609', {'type': 'tp1', 'contracts': np.float64(0.3126822128259477), 'price': np.float64(598.0345919999999), 'pnl': np.float64(2.5518829803545424), 'comm': np.float64(0.09349738978651138)}, {'type': 'tp2', 'contracts': np.float64(0.20845480855063184), 'price': np.float64(589.8733251428569), 'pnl': np.float64(3.4025106404727237), 'comm': np.float64(0.061480965530889414)}]",tp2_reached,Fib=0.0-0.25 Sig=SHORT Phase=compressing CI=53.40589438580584 WR=-51.76991150442569 ST=bullish Veto=False,100,0.0,0.25,0.08503755885418526,compressing,53.40589438580584,-51.76991150442569,-52.90322580645262,0,1,0,-0.08448120132725617,neutral,1.1667851937555973,0.6213903743315434,23,0
BNBUSDT,2026-06-11T00:00:00+00:00,bullish,587.07,587.296485,580.9358,596.8847200000001,0.4590392371120627,5.8893,"['be_50%@24207', {'type': 'tp1', 'contracts': np.float64(0.2754235422672376), 'price': np.float64(596.8847200000001), 'pnl': np.float64(2.640825529752097), 'comm': np.float64(0.08219805195379415)}, {'type': 'tp2', 'contracts': np.float64(0.1836156948448251), 'price': np.float64(606.4729545714289), 'pnl': np.float64(3.5211007063361297), 'comm': np.float64(0.05567897647911348)}]",tp2_reached,Fib=0.0-0.25 Sig=LONG Phase=compressing CI=57.90418189899253 WR=-11.924686192467355 ST=bullish Veto=False,95,0.0,0.25,0.08503755885418526,compressing,57.90418189899253,-11.924686192467355,-1.5873015873019596,0,1,0,-0.7439878781099729,bearish,0.8185632526775246,0.8825622775800668,0,0
BNBUSDT,2026-06-11T02:00:00+00:00,bullish,592.53,592.76722,584.8779,604.77336,0.37952683386625247,6.1512,"['be_50%@24288', {'type': 'tp1', 'contracts': np.float64(0.22771610031975148), 'price': np.float64(604.77336), 'pnl': np.float64(2.7339913156312403), 'comm': np.float64(0.0688583155582366)}, {'type': 'tp2', 'contracts': np.float64(0.151810733546501), 'price': np.float64(616.7794997142857), 'pnl': np.float64(3.645321754174987), 'comm': np.float64(0.046816874144034806)}]",tp2_reached,Fib=0.0-0.25 Sig=LONG Phase=compressing CI=32.191906461611886 WR=-29.349736379614352 ST=bullish Veto=False,100,0.0,0.25,0.08503755885418526,compressing,32.191906461611886,-29.349736379614352,-27.160493827160778,1,1,0,-0.5099684722281923,bearish,1.8661082310324157,0.8825622775800668,2,0
BNBUSDT,2026-06-12T01:00:00+00:00,bearish,603.66,603.444839,607.53264,597.4637759999999,0.5158315035104338,1.5213,"['be_50%@24555', {'type': 'tp1', 'contracts': np.float64(0.3094989021062603), 'price': np.float64(597.4637759999999), 'pnl': np.float64(1.8511325645707764), 'comm': np.float64(0.09245719136013031)}, {'type': 'sl_rem', 'contracts': np.float64(0.20633260140417353), 'price': np.float64(603.539268), 'pnl': np.float64(-0.019483692789738674), 'comm': np.float64(0.06226491360800533)}]",tp1_partial_then_sl,Fib=0.0-0.25 Sig=SHORT Phase=compressing CI=60.94761088146076 WR=-85.7142857142863 ST=bullish Veto=False,85,0.0,0.25,0.08503755885418526,compressing,60.94761088146076,-85.7142857142863,-63.930348258706196,0,1,0,-0.045207486757026585,neutral,1.1787407751539312,0.7160243407707928,1,0
BNBUSDT,2026-06-13T00:00:00+00:00,bearish,603.58,603.405284,605.94948,599.7888320000001,0.6371152960128802,-2.0406,"[{'type': 'sl_full', 'contracts': np.float64(0.6371152960128802), 'price': np.float64(606.00348), 'pnl': np.float64(-1.655350413639428), 'comm': np.float64(0.19304704327251776)}]",full_sl,Fib=0.25-0.5 Sig=SHORT Phase=compressing CI=64.34717559352244 WR=-30.331753554501528 ST=bearish Veto=False,90,0.25,0.5,0.0783729172877539,compressing,64.34717559352244,-30.331753554501528,-14.06844106463898,0,0,1,-0.2256784924543871,bearish,1.7424800949518917,0.5000000000000082,0,0
BNBUSDT,2026-06-13T01:00:00+00:00,bearish,605.18,605.000535,606.85128,602.5059519999999,0.8941214670248048,2.5833,"['be_50%@24801', {'type': 'tp1', 'contracts': np.float64(0.5364728802148828), 'price': np.float64(602.5059519999999), 'pnl': np.float64(1.3382763568621017), 'comm': np.float64(0.16161405170802493)}, {'type': 'tp2', 'contracts': np.float64(0.35764858680992195), 'price': np.float64(600.0113685714283), 'pnl': np.float64(1.784368475816136), 'comm': np.float64(0.10729660901972927)}]",tp2_reached,Fib=0.25-0.5 Sig=SHORT Phase=compressing CI=51.0244164759349 WR=-4.864864864866526 ST=bullish Veto=False,100,0.25,0.5,0.0783729172877539,compressing,51.0244164759349,-4.864864864866526,-20.113314447593254,0,1,0,-0.2493664989867096,bearish,0.6525632738890764,0.5000000000000082,1,0
BNBUSDT,2026-06-16T20:00:00+00:00,bearish,606.91,606.700261,611.98152,598.7955679999999,0.5969420575390662,0.7548,"[{'type': 'forced', 'contracts': np.float64(0.5969420575390662), 'price': 604.83, 'pnl': np.float64(1.116437364197564), 'comm': np.float64(0.18052423233067671)}]",full_sl,Fib=0.25-0.5 Sig=SHORT Phase=compressing CI=50.170371589456096 WR=-57.46606334841748 ST=bearish Veto=False,95,0.25,0.5,0.0783729172877539,compressing,50.170371589456096,-57.46606334841748,-40.148148148148685,0,0,1,-0.08170783621770542,neutral,0.8323224346240271,0.4851258581235443,20,0
BNBUSDT,2026-06-16T21:00:00+00:00,bearish,607.74,607.551166,610.1478599999999,603.8874240000001,1.2620027924644668,2.6691,"['be_50%@25905', {'type': 'forced', 'contracts': np.float64(1.2620027924644668), 'price': 604.83, 'pnl': np.float64(3.434119451331577), 'comm': np.float64(0.38164857448314177)}]",full_sl,Fib=0.25-0.5 Sig=SHORT Phase=compressing CI=56.23891707647821 WR=-47.41035856573487 ST=bearish Veto=False,95,0.25,0.5,0.0783729172877539,compressing,56.23891707647821,-47.41035856573487,-54.11334552102416,0,0,1,-0.0747646034552102,neutral,1.1878507664557743,0.4851258581235443,21,0
BNBUSDT,2026-06-16T23:00:00+00:00,bearish,606.43,606.228785,610.1478599999999,600.481424,0.8281007414219468,0.6569,"[{'type': 'forced', 'contracts': np.float64(0.8281007414219468), 'price': 604.83, 'pnl': np.float64(1.1583352504901807), 'comm': np.float64(0.25043008571711806)}]",full_sl,Fib=0.25-0.5 Sig=SHORT Phase=compressing CI=62.23116455944342 WR=-57.72058823529538 ST=bearish Veto=False,100,0.25,0.5,0.0783729172877539,compressing,62.23116455944342,-57.72058823529538,-89.86301369862996,1,0,1,-0.051814911395681784,neutral,1.3217279516160398,0.4851258581235443,23,0
