entry,exit,dir,entry_p,exit_p,pnl,regime,strategy,reason
2026-01-03 23:00:00+00:00,2026-01-04 00:00:00+00:00,1,3128.7517791428572,3145.7950353584574,48.31821684624545,TENDENCIA_ALCISTA,trend,tp
2026-01-07 08:00:00+00:00,2026-01-07 08:15:00+00:00,1,3257.6113185714285,3278.9780491648567,65.67672201027672,RANGO,range,sl
2026-01-08 12:00:00+00:00,2026-01-09 12:00:00+00:00,-1,3092.306133714286,3093.0031755124573,-5.403012509623531,TENDENCIA_BAJISTA,trend,timeout
2026-01-09 21:00:00+00:00,2026-01-09 21:15:00+00:00,1,3089.8682914285714,3141.6809549131426,82.94136100801425,RANGO,range,sl
2026-01-10 11:00:00+00:00,2026-01-10 11:15:00+00:00,-1,3095.4870305714285,3084.8726688346856,56.30172552267277,RANGO,range,sl
2026-01-11 00:00:00+00:00,2026-01-11 00:15:00+00:00,1,3093.285253142857,3092.5944858065145,-201.952120740884,RANGO,range,sl
2026-01-11 13:00:00+00:00,2026-01-11 13:15:00+00:00,-1,3108.066608,3094.0931133215995,65.16885800342739,RANGO,range,sl
2026-01-13 22:00:00+00:00,2026-01-14 22:00:00+00:00,1,3335.247378857143,3359.5318076670856,15.660266830490546,RUPTURA,breakout,timeout
2026-01-17 11:00:00+00:00,2026-01-17 11:15:00+00:00,1,3304.1486154285712,3302.341098848343,-492.90675489184474,RANGO,range,sl
2026-01-18 00:00:00+00:00,2026-01-18 00:15:00+00:00,1,3306.247191714286,3319.362464847371,57.06046570162134,RANGO,range,sl
2026-01-18 13:00:00+00:00,2026-01-18 13:15:00+00:00,-1,3324.2463874285713,3305.1932778489145,68.08867045081587,RANGO,range,sl
2026-01-20 14:00:00+00:00,2026-01-21 14:00:00+00:00,-1,3044.211002,2977.2883422004,120.68758058013104,RUPTURA,breakout,timeout
2026-01-24 08:00:00+00:00,2026-01-24 08:15:00+00:00,1,2965.104338285714,2968.425264846628,4.7997138339390375,RANGO,range,sl
2026-01-24 22:00:00+00:00,2026-01-24 22:15:00+00:00,-1,2961.5691857142856,2950.660528122857,57.08529046298676,RANGO,range,sl
2026-01-26 01:00:00+00:00,2026-01-27 01:00:00+00:00,1,2886.588252285714,2912.8509680638285,38.514858935383074,RUPTURA,breakout,timeout
2026-01-27 02:00:00+00:00,2026-01-28 02:00:00+00:00,1,2948.79555,3008.69374089,95.82632509220849,TENDENCIA_ALCISTA,trend,timeout
2026-01-29 00:00:00+00:00,2026-01-29 00:15:00+00:00,1,3012.601112285714,3035.338265491828,68.58682260846672,RANGO,range,sl
2026-01-29 15:00:00+00:00,2026-01-30 15:00:00+00:00,-1,2821.1156360000004,2741.2437231272,85.81624854660177,RUPTURA,breakout,timeout
2026-01-31 08:00:00+00:00,2026-02-01 08:00:00+00:00,-1,2640.791122571429,2415.808229653086,322.3014908754723,TENDENCIA_BAJISTA,trend,timeout
2026-02-01 23:00:00+00:00,2026-02-02 23:00:00+00:00,-1,2264.1902557142857,2357.5385523368573,-172.7771080777426,RUPTURA,breakout,timeout
2026-02-03 17:00:00+00:00,2026-02-04 17:00:00+00:00,-1,2190.9386922857143,2144.4104734527427,56.629366985158335,RUPTURA,breakout,timeout
2026-02-04 15:00:00+00:00,2026-02-05 15:00:00+00:00,-1,2147.880776857143,2001.3084332982285,207.90513791993408,RUPTURA,breakout,timeout
2026-02-05 11:00:00+00:00,2026-02-06 11:00:00+00:00,-1,2075.0244325714284,1934.4145763150857,176.288544957071,TENDENCIA_BAJISTA,trend,timeout
2026-02-08 08:00:00+00:00,2026-02-09 08:00:00+00:00,1,2118.5566345714287,2064.442860101657,-117.11454642779681,TENDENCIA_ALCISTA,trend,timeout
2026-02-09 07:00:00+00:00,2026-02-09 07:15:00+00:00,1,2069.0000765714285,2099.759271413257,82.32859506943892,RANGO,range,sl
2026-02-10 06:00:00+00:00,2026-02-11 06:00:00+00:00,-1,2005.2653134285715,1956.773981634114,65.70431520010153,RUPTURA,breakout,timeout
2026-02-11 15:00:00+00:00,2026-02-12 15:00:00+00:00,-1,1926.337750857143,1970.4116246930284,-112.3410492135713,RUPTURA,breakout,timeout
2026-02-13 09:00:00+00:00,2026-02-13 09:15:00+00:00,-1,1959.8725285714286,1926.8470459342857,89.53782428455273,RANGO,range,sl
2026-02-15 19:00:00+00:00,2026-02-16 19:00:00+00:00,-1,1939.2306254285716,1974.608774696514,-83.79098935283392,RUPTURA,breakout,timeout
2026-02-16 22:00:00+00:00,2026-02-16 22:15:00+00:00,-1,1987.141962,1967.5274283924,73.71088830328729,RANGO,range,sl
2026-02-17 11:00:00+00:00,2026-02-17 11:15:00+00:00,1,1970.463836857143,1988.885764375486,79.37663469249883,RANGO,range,sl
2026-02-18 03:00:00+00:00,2026-02-18 03:15:00+00:00,-1,1994.310086,1971.4393620172,80.18190032860137,RANGO,range,sl
2026-02-19 07:00:00+00:00,2026-02-19 07:15:00+00:00,-1,1979.8627194285714,1964.6669011153144,76.4460120976717,RANGO,range,sl
2026-02-19 23:00:00+00:00,2026-02-19 23:15:00+00:00,-1,1946.5781839999997,1919.0913156368,86.9470940771163,RANGO,range,sl
2026-02-20 12:00:00+00:00,2026-02-20 12:15:00+00:00,1,1951.630321142857,1972.0493167929144,85.54174132846687,RANGO,range,sl
2026-02-21 01:00:00+00:00,2026-02-21 01:15:00+00:00,1,1968.3703908571429,1973.1391830646858,34.788458126182775,RANGO,range,sl
2026-02-21 15:00:00+00:00,2026-02-21 15:15:00+00:00,-1,1986.869374,1970.3503738748,86.00469426144005,RANGO,range,sl
2026-02-22 04:00:00+00:00,2026-02-22 04:15:00+00:00,1,1974.9561525714284,1981.6535801980572,57.1529595368786,RANGO,range,sl
2026-02-22 18:00:00+00:00,2026-02-22 18:15:00+00:00,1,1944.3018757142859,1967.3378539105713,93.40371814684842,RANGO,range,sl
2026-02-23 17:00:00+00:00,2026-02-24 17:00:00+00:00,-1,1861.492216,1862.9672984432,-8.635030167040824,RUPTURA,breakout,timeout
2026-02-24 22:00:00+00:00,2026-02-25 22:00:00+00:00,1,1862.7158977142856,2107.6636711061715,460.9654112267832,TENDENCIA_ALCISTA,trend,timeout
2026-02-25 12:00:00+00:00,2026-02-26 12:00:00+00:00,1,1956.0859002857144,2060.203568534229,254.3072379815588,RUPTURA,breakout,timeout
2026-02-28 13:00:00+00:00,2026-03-01 13:00:00+00:00,1,1908.4509017142857,1976.2485241053712,177.4136327635415,RUPTURA,breakout,timeout
2026-03-01 02:00:00+00:00,2026-03-02 02:00:00+00:00,1,2036.8231814285714,1941.4060639351428,-232.08338686724179,RUPTURA,breakout,timeout
2026-03-02 13:00:00+00:00,2026-03-02 13:15:00+00:00,1,1930.4384705714285,1964.4009837344572,98.68043262917975,RANGO,range,sl
2026-03-04 00:00:00+00:00,2026-03-04 00:15:00+00:00,1,1979.8710502857143,1998.4383115042287,81.38983344086733,RANGO,range,sl
2026-03-04 15:00:00+00:00,2026-03-05 15:00:00+00:00,1,2153.9838317142858,2085.445417519371,-113.08359194593493,RUPTURA,breakout,timeout
2026-03-06 11:00:00+00:00,2026-03-06 11:15:00+00:00,1,2053.130563142857,2085.5590167445143,101.25878741203456,RANGO,range,sl
2026-03-09 14:00:00+00:00,2026-03-10 14:00:00+00:00,1,2025.289315142857,2011.6300849941144,-32.82272579940314,TENDENCIA_ALCISTA,trend,timeout
2026-03-10 16:00:00+00:00,2026-03-11 16:00:00+00:00,1,2083.487715428571,2051.501731028343,-58.05150745753103,TENDENCIA_ALCISTA,trend,timeout
2026-03-11 06:00:00+00:00,2026-03-11 06:15:00+00:00,1,2026.6137885714286,2039.1757486708573,74.8968494778381,RANGO,range,sl
2026-03-12 11:00:00+00:00,2026-03-12 11:15:00+00:00,-1,2060.730434,2026.7391460868,102.9175731175651,RANGO,range,sl
2026-03-13 13:00:00+00:00,2026-03-14 13:00:00+00:00,1,2188.603246857143,2071.5561364934856,-233.89820596690683,RUPTURA,breakout,timeout
2026-03-14 13:00:00+00:00,2026-03-14 13:15:00+00:00,-1,2076.976440857143,2063.1332524310287,84.74255760779387,RANGO,range,sl
2026-03-15 04:00:00+00:00,2026-03-15 04:15:00+00:00,-1,2102.9879177142857,2084.701811869257,94.54995822971694,RANGO,range,sl
2026-03-16 03:00:00+00:00,2026-03-17 03:00:00+00:00,1,2238.916776857143,2339.3725737874856,167.55952386318796,RUPTURA,breakout,timeout
2026-03-18 10:00:00+00:00,2026-03-18 10:15:00+00:00,1,2314.901851714286,2331.5477339153713,86.243232420689,RANGO,range,sl
2026-03-20 18:00:00+00:00,2026-03-20 18:15:00+00:00,1,2125.9350865714287,2149.9943844112568,94.14482482142515,RANGO,range,sl
2026-03-21 08:00:00+00:00,2026-03-21 08:15:00+00:00,1,2155.612942857143,2159.726734554286,33.84301971841092,RANGO,range,sl
2026-03-21 21:00:00+00:00,2026-03-21 21:15:00+00:00,-1,2152.526617142857,2143.1831481805716,78.37516621300254,RANGO,range,sl
2026-03-22 20:00:00+00:00,2026-03-23 20:00:00+00:00,-1,2056.6102125714283,2161.6493934710857,-403.14230973431336,TENDENCIA_BAJISTA,trend,timeout
2026-03-24 21:00:00+00:00,2026-03-24 21:15:00+00:00,-1,2146.3674382857143,2105.532059201943,104.73380709599363,RANGO,range,sl
2026-03-25 22:00:00+00:00,2026-03-25 22:15:00+00:00,1,2176.790191714286,2174.119356247372,-327.7874068894099,RANGO,range,sl
2026-03-26 11:00:00+00:00,2026-03-27 11:00:00+00:00,-1,2066.2868834285714,1996.6726859481143,189.85507830353964,RUPTURA,breakout,timeout
2026-03-27 13:00:00+00:00,2026-03-28 13:00:00+00:00,-1,1976.9712274285716,2004.6383228169143,-76.37345741161013,RUPTURA,breakout,timeout
2026-03-29 06:00:00+00:00,2026-03-29 06:15:00+00:00,1,2006.3871388571429,2018.2425797150859,82.5191874175443,RANGO,range,sl
2026-03-29 19:00:00+00:00,2026-03-29 19:15:00+00:00,-1,1994.410607714286,1985.469096407257,72.32564145202814,RANGO,range,sl
2026-03-30 23:00:00+00:00,2026-03-30 23:15:00+00:00,1,2028.8900102857142,2046.6895077122285,86.77538513825748,RANGO,range,sl
2026-04-02 09:00:00+00:00,2026-04-03 09:00:00+00:00,-1,2041.4821285714286,2064.4073678542854,-27.149981468051138,TENDENCIA_BAJISTA,trend,timeout
2026-04-03 05:00:00+00:00,2026-04-03 05:15:00+00:00,-1,2055.2126474285715,2042.5669711009143,80.55725046633322,RANGO,range,sl
2026-04-03 19:00:00+00:00,2026-04-03 19:15:00+00:00,1,2054.221893142857,2056.227798478514,-1.2202483701564262,RANGO,range,sl
2026-04-04 08:00:00+00:00,2026-04-04 08:15:00+00:00,1,2051.5066854285715,2057.0631272343426,59.35426977487328,RANGO,range,sl
2026-04-06 09:00:00+00:00,2026-04-07 09:00:00+00:00,1,2153.4649797142856,2124.1145212897713,-234.69289548295797,RUPTURA,breakout,timeout
2026-04-07 19:00:00+00:00,2026-04-07 19:15:00+00:00,-1,2110.9255362857143,2062.7039708215425,107.78054133932997,RANGO,range,sl
2026-04-08 13:00:00+00:00,2026-04-08 13:15:00+00:00,-1,2233.9710737142855,2252.323508500457,-181.97842778377742,RUPTURA,breakout,sl
2026-04-09 10:00:00+00:00,2026-04-09 10:15:00+00:00,-1,2188.8986457142855,2177.4009940148567,76.13690459334768,RANGO,range,sl
2026-04-10 00:00:00+00:00,2026-04-10 00:15:00+00:00,1,2198.088034,2243.0813823932003,104.50341131472958,RANGO,range,sl
2026-04-10 19:00:00+00:00,2026-04-11 19:00:00+00:00,1,2255.4519197142854,2312.117623901772,108.95007592934095,TENDENCIA_ALCISTA,trend,timeout
2026-04-12 03:00:00+00:00,2026-04-13 03:00:00+00:00,-1,2210.7254008571426,2195.4440022230287,14.215275769965956,TENDENCIA_BAJISTA,trend,timeout
2026-04-13 11:00:00+00:00,2026-04-13 11:15:00+00:00,1,2189.020537428571,2199.759124463943,76.52606967963287,RANGO,range,sl
2026-04-14 08:00:00+00:00,2026-04-15 08:00:00+00:00,1,2390.740522,2316.6188518956,-211.15525659405256,TENDENCIA_ALCISTA,trend,timeout
2026-04-15 10:00:00+00:00,2026-04-15 10:15:00+00:00,1,2318.5643279999995,2336.3052871344003,89.32521742184656,RANGO,range,sl
2026-04-15 23:00:00+00:00,2026-04-15 23:15:00+00:00,1,2362.362204285714,2383.197313273429,90.66592768760668,RANGO,range,sl
2026-04-16 15:00:00+00:00,2026-04-16 15:15:00+00:00,-1,2336.554698,2287.5548109396,109.91632591698033,RANGO,range,sl
2026-04-17 04:00:00+00:00,2026-04-17 04:15:00+00:00,1,2331.4546491428573,2352.504851927314,91.9738409671773,RANGO,range,sl
2026-04-18 18:00:00+00:00,2026-04-19 18:00:00+00:00,-1,2345.4312262857143,2299.3983719595426,168.28747285731322,TENDENCIA_BAJISTA,trend,timeout
2026-04-21 00:00:00+00:00,2026-04-21 00:15:00+00:00,1,2324.5126022857144,2344.2068831938286,91.28713296296061,RANGO,range,sl
2026-04-21 14:00:00+00:00,2026-04-21 14:15:00+00:00,1,2301.443655714286,2335.175925554571,108.96634008110344,RANGO,range,sl
2026-04-22 03:00:00+00:00,2026-04-22 03:15:00+00:00,-1,2360.745490285714,2304.773934812343,115.25880174448837,RANGO,range,sl
2026-04-23 17:00:00+00:00,2026-04-24 17:00:00+00:00,-1,2308.2069874285717,2321.5725699689146,-60.661501007365324,TENDENCIA_BAJISTA,trend,timeout
2026-04-24 20:00:00+00:00,2026-04-24 20:15:00+00:00,-1,2324.582920285714,2303.496702298343,100.5584883193427,RANGO,range,sl
2026-04-25 09:00:00+00:00,2026-04-25 09:15:00+00:00,1,2320.1979668571425,2319.8418175494858,-199.4864317306411,RANGO,range,sl
2026-04-25 23:00:00+00:00,2026-04-25 23:15:00+00:00,-1,2318.416314285714,2308.2034689771426,84.34275926621086,RANGO,range,sl
2026-04-26 12:00:00+00:00,2026-04-26 12:15:00+00:00,1,2330.096706571428,2336.473052087257,61.18580212490604,RANGO,range,sl
2026-04-27 12:00:00+00:00,2026-04-28 12:00:00+00:00,-1,2311.8918922857147,2279.907664092743,45.96175453028761,TENDENCIA_BAJISTA,trend,timeout
2026-04-29 16:00:00+00:00,2026-04-30 16:00:00+00:00,-1,2265.0554345714286,2268.0240825154856,-8.832584582460637,TENDENCIA_BAJISTA,trend,timeout
2026-04-30 13:00:00+00:00,2026-04-30 13:15:00+00:00,1,2266.0325657142857,2271.5670077725713,44.65496815789802,RANGO,range,sl
2026-05-01 02:00:00+00:00,2026-05-01 02:15:00+00:00,-1,2265.371254857143,2253.9884313938287,84.47922760764817,RANGO,range,sl
2026-05-03 04:00:00+00:00,2026-05-04 04:00:00+00:00,-1,2300.1931940000004,2387.3165386388,-287.7286370100007,TENDENCIA_BAJISTA,trend,timeout
2026-05-05 18:00:00+00:00,2026-05-05 18:15:00+00:00,1,2374.1508131428573,2397.628812694514,102.60976900498872,RANGO,range,sl
2026-05-06 10:00:00+00:00,2026-05-06 10:15:00+00:00,-1,2408.06146,2357.138112292,117.34820871702252,RANGO,range,sl
2026-05-06 23:00:00+00:00,2026-05-06 23:15:00+00:00,1,2352.842810857143,2355.4467885806853,5.088146579470184,RANGO,range,sl
2026-05-09 03:00:00+00:00,2026-05-09 03:15:00+00:00,-1,2313.659434,2304.8602318868,71.99422587657162,RANGO,range,sl
2026-05-10 01:00:00+00:00,2026-05-10 01:15:00+00:00,1,2324.953019714286,2332.186723681771,67.76662325233005,RANGO,range,sl
2026-05-10 14:00:00+00:00,2026-05-10 14:15:00+00:00,-1,2329.8022485714287,2320.0975318782857,84.38301519169241,RANGO,range,sl
2026-05-11 09:00:00+00:00,2026-05-11 09:15:00+00:00,1,2338.5492874285715,2339.970218713943,-19.769024883863565,RANGO,range,sl
2026-05-11 22:00:00+00:00,2026-05-11 22:15:00+00:00,-1,2339.661071142857,2325.4485750713716,91.50244846930947,RANGO,range,sl
2026-05-15 00:00:00+00:00,2026-05-15 00:15:00+00:00,1,2293.6158494285714,2309.9937054015427,93.004800146405,RANGO,range,sl
2026-05-20 07:00:00+00:00,2026-05-20 07:15:00+00:00,-1,2128.224909142857,2107.5247878389714,108.50235995641361,RANGO,range,sl
2026-05-20 23:00:00+00:00,2026-05-20 23:15:00+00:00,1,2131.2129594285716,2139.676685979543,73.58157628773716,RANGO,range,sl
2026-05-21 12:00:00+00:00,2026-05-21 12:15:00+00:00,1,2118.814586857143,2146.7350942254857,116.36484677614334,RANGO,range,sl
2026-05-22 01:00:00+00:00,2026-05-22 01:15:00+00:00,1,2137.684747428572,2141.6548916219426,34.18127225015921,RANGO,range,sl
2026-05-22 15:00:00+00:00,2026-05-22 15:15:00+00:00,1,2120.850038857143,2136.6296871350855,104.58318131733179,RANGO,range,sl
2026-05-23 18:00:00+00:00,2026-05-24 18:00:00+00:00,1,2075.9915682857145,2101.5980874006286,71.26234309600743,TENDENCIA_ALCISTA,trend,timeout
2026-05-25 10:00:00+00:00,2026-05-25 10:15:00+00:00,-1,2115.194522571429,2101.1051103330856,96.90589500658237,RANGO,range,sl
2026-05-25 23:00:00+00:00,2026-05-25 23:15:00+00:00,1,2114.4849591428574,2132.3347458653143,109.33920798503371,RANGO,range,sl
2026-05-27 11:00:00+00:00,2026-05-27 11:15:00+00:00,1,2081.9359671428574,2095.3237556637146,101.87944599469915,RANGO,range,sl
2026-05-29 23:00:00+00:00,2026-05-29 23:15:00+00:00,1,2016.7044794285714,2029.475087675543,92.21890415001198,RANGO,range,sl
2026-05-30 12:00:00+00:00,2026-05-30 12:15:00+00:00,1,2020.9308291428572,2020.9289566913142,-139.56244978090305,RANGO,range,sl
2026-05-31 01:00:00+00:00,2026-05-31 01:15:00+00:00,-1,2028.0931065714285,2021.3666900498856,78.49714389313006,RANGO,range,sl
2026-05-31 15:00:00+00:00,2026-05-31 15:15:00+00:00,1,2011.5963182857142,2025.4234664506287,108.65558353320606,RANGO,range,sl
2026-06-01 05:00:00+00:00,2026-06-02 05:00:00+00:00,-1,1992.6969471428572,2001.9626822465714,-58.64092325306072,TENDENCIA_BAJISTA,trend,timeout
2026-06-02 22:00:00+00:00,2026-06-03 22:00:00+00:00,-1,1865.9081745714286,1841.3712530634857,76.63487245488658,RUPTURA,breakout,timeout
2026-06-03 20:00:00+00:00,2026-06-04 20:00:00+00:00,-1,1779.0256405714288,1775.0038765566856,6.587631597081275,RUPTURA,breakout,timeout
2026-06-05 06:00:00+00:00,2026-06-06 06:00:00+00:00,-1,1653.5139817142856,1579.2554170820572,150.4877534723452,RUPTURA,breakout,timeout
2026-06-07 02:00:00+00:00,2026-06-08 02:00:00+00:00,1,1594.439534,1683.8401120931999,288.32201044502443,TENDENCIA_ALCISTA,trend,timeout
2026-06-10 18:00:00+00:00,2026-06-10 18:15:00+00:00,1,1633.528868857143,1665.5606513690857,126.01515446442443,RANGO,range,sl
2026-06-11 08:00:00+00:00,2026-06-11 08:15:00+00:00,-1,1658.1360080000002,1637.9136272015999,119.84889094270031,RANGO,range,sl
2026-06-12 10:00:00+00:00,2026-06-12 10:15:00+00:00,-1,1673.368744285714,1653.5709594631428,123.67101843132683,RANGO,range,sl
2026-06-12 23:00:00+00:00,2026-06-12 23:15:00+00:00,1,1668.004567714286,1671.9751133721713,50.26959381843406,RANGO,range,sl
2026-06-14 13:00:00+00:00,2026-06-15 13:00:00+00:00,-1,1665.6145491428572,1794.9952657669712,-1276.5944954343806,TENDENCIA_BAJISTA,trend,timeout
2026-06-15 10:00:00+00:00,2026-06-16 10:00:00+00:00,1,1739.6231968571428,1787.4564325034855,364.6888089668055,RUPTURA,breakout,timeout
2026-06-20 00:00:00+00:00,2026-06-20 00:15:00+00:00,-1,1707.2881685714285,1699.6615290622858,82.2220135343967,RANGO,range,sl
2026-06-21 09:00:00+00:00,2026-06-21 09:15:00+00:00,1,1733.8014845714285,1740.3883111316572,83.5409728969731,RANGO,range,sl
2026-06-22 08:00:00+00:00,2026-06-22 08:15:00+00:00,-1,1746.0008705714285,1728.3287716026857,112.10311778447752,RANGO,range,sl
2026-06-22 21:00:00+00:00,2026-06-22 21:15:00+00:00,1,1734.4521194285715,1745.9875381475429,98.61717376693842,RANGO,range,sl
